mean_fit_time,std_fit_time,mean_score_time,std_score_time,param_dropout_rate,param_units_1,param_units_2,param_units_3,param_units_4,params,split0_test_score,split1_test_score,split2_test_score,split3_test_score,split4_test_score,mean_test_score,std_test_score,rank_test_score
17.81278028488159,2.3908320137396966,2.535536050796509,0.47250438857115,0.3,256,128,1024,512,"{'dropout_rate': 0.3, 'units_1': 256, 'units_2': 128, 'units_3': 1024, 'units_4': 512}",0.825630247592926,0.825630247592926,0.8004201650619507,0.819327712059021,0.8172268867492676,0.8176470518112182,0.00924369638616579,1
28.71836452484131,2.309474176847176,2.3390145301818848,0.5293243817555359,0.3,128,512,1024,2048,"{'dropout_rate': 0.3, 'units_1': 128, 'units_2': 512, 'units_3': 1024, 'units_4': 2048}",0.8067227005958557,0.8277310729026794,0.8067227005958557,0.8046218752861023,0.8277310729026794,0.8147058844566345,0.01066265218574948,2
19.664844369888307,0.7620179955288305,1.8436717510223388,0.46159409060517603,0.3,256,128,1024,1024,"{'dropout_rate': 0.3, 'units_1': 256, 'units_2': 128, 'units_3': 1024, 'units_4': 1024}",0.8151260614395142,0.8088235259056091,0.8235294222831726,0.8109243512153625,0.8151260614395142,0.8147058844566345,0.005042024453488868,2
16.747439527511595,3.250861781775505,1.9809684753417969,0.39488139352716384,0.3,256,128,512,1024,"{'dropout_rate': 0.3, 'units_1': 256, 'units_2': 128, 'units_3': 512, 'units_4': 1024}",0.8109243512153625,0.8130252361297607,0.8277310729026794,0.8067227005958557,0.8088235259056091,0.8134453773498536,0.007445388940210502,4
14.296193313598632,2.380568365441957,1.7788138389587402,0.29342413982604715,0.3,128,512,256,2048,"{'dropout_rate': 0.3, 'units_1': 128, 'units_2': 512, 'units_3': 256, 'units_4': 2048}",0.8214285969734192,0.8067227005958557,0.8214285969734192,0.8109243512153625,0.8046218752861023,0.8130252242088318,0.007155209179124912,5
17.518884420394897,1.266984707696331,2.1846566677093504,0.5707474742027917,0.3,256,256,512,2048,"{'dropout_rate': 0.3, 'units_1': 256, 'units_2': 256, 'units_3': 512, 'units_4': 2048}",0.8130252361297607,0.8046218752861023,0.8361344337463379,0.8046218752861023,0.8004201650619507,0.8117647171020508,0.012854658587048718,6
20.274953889846802,1.7398854136013973,2.800926399230957,0.7020227082885435,0.3,256,512,1024,512,"{'dropout_rate': 0.3, 'units_1': 256, 'units_2': 512, 'units_3': 1024, 'units_4': 512}",0.8403361439704895,0.8130252361297607,0.819327712059021,0.7857142686843872,0.7962185144424438,0.8109243750572205,0.018930893483247377,7
10.725180101394653,1.5281095094293289,1.8738239288330079,0.16685871208920408,0.3,256,128,256,1024,"{'dropout_rate': 0.3, 'units_1': 256, 'units_2': 128, 'units_3': 256, 'units_4': 1024}",0.7836134433746338,0.819327712059021,0.8235294222831726,0.8109243512153625,0.8130252361297607,0.8100840330123902,0.013973353364102447,8
18.55839295387268,2.448157281756674,1.8290422916412354,0.2729135199793495,0.3,128,256,1024,512,"{'dropout_rate': 0.3, 'units_1': 128, 'units_2': 256, 'units_3': 1024, 'units_4': 512}",0.8004201650619507,0.7941176295280457,0.825630247592926,0.8130252361297607,0.8109243512153625,0.8088235259056091,0.01087578586954649,9
31.34845814704895,1.580253395745004,2.705354595184326,0.6408677375245311,0.3,256,512,1024,2048,"{'dropout_rate': 0.3, 'units_1': 256, 'units_2': 512, 'units_3': 1024, 'units_4': 2048}",0.819327712059021,0.8235294222831726,0.8046218752861023,0.7920168042182922,0.8025209903717041,0.8084033608436585,0.01153742031457821,10
27.125694227218627,4.5722717348757,1.8074307441711426,0.33257442922434716,0.3,128,256,1024,2048,"{'dropout_rate': 0.3, 'units_1': 128, 'units_2': 256, 'units_3': 1024, 'units_4': 2048}",0.8109243512153625,0.8130252361297607,0.8172268867492676,0.8046218752861023,0.7941176295280457,0.8079831957817077,0.008038293250049155,11
17.416283798217773,3.0225690942573564,1.924546718597412,0.31636533103268083,0.3,256,128,256,2048,"{'dropout_rate': 0.3, 'units_1': 256, 'units_2': 128, 'units_3': 256, 'units_4': 2048}",0.7899159789085388,0.8025209903717041,0.8025209903717041,0.825630247592926,0.8172268867492676,0.8075630187988281,0.012506615995313254,12
13.029663848876954,2.0154170093710873,1.6668604373931886,0.1035297641214616,0.3,256,512,256,1024,"{'dropout_rate': 0.3, 'units_1': 256, 'units_2': 512, 'units_3': 256, 'units_4': 1024}",0.819327712059021,0.7983193397521973,0.8025209903717041,0.8088235259056091,0.8046218752861023,0.8067226886749268,0.007155195178700451,13
15.736108112335206,3.154653469426852,1.6580043315887452,0.43188496401304655,0.3,128,512,512,512,"{'dropout_rate': 0.3, 'units_1': 128, 'units_2': 512, 'units_3': 512, 'units_4': 512}",0.8130252361297607,0.7668067216873169,0.8235294222831726,0.8130252361297607,0.8151260614395142,0.8063025355339051,0.020124258766406413,14
16.27057304382324,2.3175033385300745,1.9370473384857179,0.2156551672999687,0.3,256,512,256,2048,"{'dropout_rate': 0.3, 'units_1': 256, 'units_2': 512, 'units_3': 256, 'units_4': 2048}",0.8130252361297607,0.7962185144424438,0.7899159789085388,0.8004201650619507,0.8298319578170776,0.8058823704719543,0.014161601072362162,15
28.0942684173584,1.9506057152176202,1.625126886367798,0.08053531248632037,0.3,256,128,1024,2048,"{'dropout_rate': 0.3, 'units_1': 256, 'units_2': 128, 'units_3': 1024, 'units_4': 2048}",0.7983193397521973,0.7983193397521973,0.8088235259056091,0.8235294222831726,0.8004201650619507,0.8058823585510254,0.009636424525611977,16
19.676739120483397,1.3537934452970213,2.0497334480285643,0.36288082164373225,0.3,256,512,512,1024,"{'dropout_rate': 0.3, 'units_1': 256, 'units_2': 512, 'units_3': 512, 'units_4': 1024}",0.8340336084365845,0.8088235259056091,0.8130252361297607,0.7731092572212219,0.7983193397521973,0.8054621934890747,0.019912592831473418,17
15.507528162002563,2.643394401280726,2.318628358840942,0.5603936934250956,0.3,256,512,512,512,"{'dropout_rate': 0.3, 'units_1': 256, 'units_2': 512, 'units_3': 512, 'units_4': 512}",0.8298319578170776,0.8151260614395142,0.7773109078407288,0.8067227005958557,0.7983193397521973,0.8054621934890747,0.017506455257951983,17
19.532811641693115,2.529278828955696,1.9541415691375732,0.7742161059082268,0.3,256,256,1024,512,"{'dropout_rate': 0.3, 'units_1': 256, 'units_2': 256, 'units_3': 1024, 'units_4': 512}",0.8109243512153625,0.7962185144424438,0.8067227005958557,0.7962185144424438,0.8130252361297607,0.8046218633651734,0.007155195178700452,19
15.869380998611451,3.9410329672262656,1.91982159614563,0.31119517661116897,0.3,256,512,256,512,"{'dropout_rate': 0.3, 'units_1': 256, 'units_2': 512, 'units_3': 256, 'units_4': 512}",0.8067227005958557,0.8046218752861023,0.8046218752861023,0.7941176295280457,0.8130252361297607,0.8046218633651734,0.006088827791878712,19
13.45988507270813,0.8728766627052584,1.7353444576263428,0.27259794286855116,0.3,128,256,512,512,"{'dropout_rate': 0.3, 'units_1': 128, 'units_2': 256, 'units_3': 512, 'units_4': 512}",0.8067227005958557,0.7941176295280457,0.8172268867492676,0.8046218752861023,0.8004201650619507,0.8046218514442444,0.007632736451878549,21
19.588181829452516,0.5043327196987109,2.1201921463012696,0.37874649166857743,0.3,128,512,512,2048,"{'dropout_rate': 0.3, 'units_1': 128, 'units_2': 512, 'units_3': 512, 'units_4': 2048}",0.779411792755127,0.8067227005958557,0.7878151535987854,0.8151260614395142,0.831932783126831,0.8042016983032226,0.018856131588537543,22
12.609104871749878,0.9367800970652606,2.1146842002868653,0.6868898237823404,0.3,256,256,512,512,"{'dropout_rate': 0.3, 'units_1': 256, 'units_2': 256, 'units_3': 512, 'units_4': 512}",0.8088235259056091,0.7983193397521973,0.7920168042182922,0.8109243512153625,0.8067227005958557,0.8033613443374634,0.007105682474860564,23
13.896427583694457,1.4242418884424701,1.9201099395751953,0.4574685905576018,0.3,64,512,256,512,"{'dropout_rate': 0.3, 'units_1': 64, 'units_2': 512, 'units_3': 256, 'units_4': 512}",0.8130252361297607,0.8130252361297607,0.8130252361297607,0.7731092572212219,0.8004201650619507,0.802521026134491,0.01549503824279134,24
14.709979724884032,1.9436343816597574,2.080774021148682,0.2724996722795635,0.3,256,256,256,2048,"{'dropout_rate': 0.3, 'units_1': 256, 'units_2': 256, 'units_3': 256, 'units_4': 2048}",0.8088235259056091,0.7668067216873169,0.819327712059021,0.8025209903717041,0.8151260614395142,0.802521002292633,0.01874345033506636,25
29.18826594352722,3.8313047445351986,2.3124465942382812,0.3354234456314726,0.5,256,256,1024,2048,"{'dropout_rate': 0.5, 'units_1': 256, 'units_2': 256, 'units_3': 1024, 'units_4': 2048}",0.7962185144424438,0.779411792755127,0.8130252361297607,0.8067227005958557,0.8151260614395142,0.8021008610725403,0.013113009102099898,26
19.82730197906494,2.2608058586662563,2.6409236431121825,0.32565111401795105,0.3,256,512,512,2048,"{'dropout_rate': 0.3, 'units_1': 256, 'units_2': 512, 'units_3': 512, 'units_4': 2048}",0.8235294222831726,0.7752100825309753,0.8130252361297607,0.8067227005958557,0.7899159789085388,0.8016806840896606,0.017149864063398863,27
14.7632652759552,1.2430606921794998,1.7023541450500488,0.325946774023209,0.3,256,128,256,512,"{'dropout_rate': 0.3, 'units_1': 256, 'units_2': 128, 'units_3': 256, 'units_4': 512}",0.8004201650619507,0.7731092572212219,0.8214285969734192,0.8067227005958557,0.8046218752861023,0.80126051902771,0.015754905569305245,28
13.995745277404785,2.9549417486608736,1.7755741596221923,0.5730463312853501,0.3,256,256,256,512,"{'dropout_rate': 0.3, 'units_1': 256, 'units_2': 256, 'units_3': 256, 'units_4': 512}",0.8004201650619507,0.8130252361297607,0.8109243512153625,0.7899159789085388,0.7920168042182922,0.801260507106781,0.009451447188899542,29
19.15789923667908,0.9789291770632437,3.1343807697296144,0.3235962749337008,0.5,256,256,1024,1024,"{'dropout_rate': 0.5, 'units_1': 256, 'units_2': 256, 'units_3': 1024, 'units_4': 1024}",0.8088235259056091,0.8004201650619507,0.8109243512153625,0.7941176295280457,0.7878151535987854,0.8004201650619507,0.008712779904908942,30
17.93646173477173,2.4060412614579025,1.9443190097808838,0.8083567704687507,0.3,256,256,512,1024,"{'dropout_rate': 0.3, 'units_1': 256, 'units_2': 256, 'units_3': 512, 'units_4': 1024}",0.8214285969734192,0.7878151535987854,0.7731092572212219,0.8046218752861023,0.8130252361297607,0.8000000238418579,0.017445835059740154,31
29.104439306259156,3.1678713195133366,2.1955832481384276,0.30808930084819464,0.3,256,512,1024,1024,"{'dropout_rate': 0.3, 'units_1': 256, 'units_2': 512, 'units_3': 1024, 'units_4': 1024}",0.819327712059021,0.7962185144424438,0.7962185144424438,0.7962185144424438,0.7920168042182922,0.800000011920929,0.009799905789249292,32
16.070149850845336,2.8758129802635337,1.326812744140625,0.40728866186618184,0.3,128,128,256,2048,"{'dropout_rate': 0.3, 'units_1': 128, 'units_2': 128, 'units_3': 256, 'units_4': 2048}",0.8046218752861023,0.7815126180648804,0.7983193397521973,0.7920168042182922,0.8214285969734192,0.7995798468589783,0.01332668886612552,33
18.258747720718382,1.261050426669933,1.9728012561798096,0.20332626228372933,0.5,256,512,512,2048,"{'dropout_rate': 0.5, 'units_1': 256, 'units_2': 512, 'units_3': 512, 'units_4': 2048}",0.7857142686843872,0.7983193397521973,0.8004201650619507,0.7983193397521973,0.8151260614395142,0.7995798349380493,0.009357595170916402,34
24.438721418380737,4.289514123551296,2.1953636169433595,0.3681728088662605,0.3,128,256,1024,1024,"{'dropout_rate': 0.3, 'units_1': 128, 'units_2': 256, 'units_3': 1024, 'units_4': 1024}",0.8067227005958557,0.7857142686843872,0.8298319578170776,0.7941176295280457,0.7773109078407288,0.798739492893219,0.01833398660560924,35
17.883372640609743,1.6931198706927038,2.221180772781372,0.44034463274138275,0.3,256,128,512,2048,"{'dropout_rate': 0.3, 'units_1': 256, 'units_2': 128, 'units_3': 512, 'units_4': 2048}",0.8172268867492676,0.779411792755127,0.8004201650619507,0.8025209903717041,0.7920168042182922,0.7983193278312684,0.012464188348695417,36
12.82579402923584,0.605866973732258,1.6364756107330323,0.23092865012761646,0.3,128,512,256,512,"{'dropout_rate': 0.3, 'units_1': 128, 'units_2': 512, 'units_3': 256, 'units_4': 512}",0.7920168042182922,0.8214285969734192,0.7983193397521973,0.7941176295280457,0.7857142686843872,0.7983193278312684,0.012249913541770857,36
14.211776304244996,2.8810200296445223,2.1836647987365723,0.3195260470783011,0.3,128,512,512,1024,"{'dropout_rate': 0.3, 'units_1': 128, 'units_2': 512, 'units_3': 512, 'units_4': 1024}",0.7941176295280457,0.8004201650619507,0.7836134433746338,0.8046218752861023,0.8067227005958557,0.7978991627693176,0.008340106812237284,38
13.733243703842163,0.533343697914023,2.1139033794403077,0.9155482193658537,0.3,256,128,512,512,"{'dropout_rate': 0.3, 'units_1': 256, 'units_2': 128, 'units_3': 512, 'units_4': 512}",0.7962185144424438,0.779411792755127,0.8067227005958557,0.7920168042182922,0.8109243512153625,0.7970588326454162,0.011164131414567742,39
17.72994918823242,2.070660991672618,2.036752128601074,0.3906640148162107,0.3,128,512,1024,512,"{'dropout_rate': 0.3, 'units_1': 128, 'units_2': 512, 'units_3': 1024, 'units_4': 512}",0.8046218752861023,0.7857142686843872,0.8151260614395142,0.7878151535987854,0.7899159789085388,0.7966386675834656,0.011383380606622279,40
14.114523601531982,1.9435303286128414,2.004254627227783,0.37756193448977654,0.3,128,256,256,2048,"{'dropout_rate': 0.3, 'units_1': 128, 'units_2': 256, 'units_3': 256, 'units_4': 2048}",0.7857142686843872,0.7710084319114685,0.8025209903717041,0.819327712059021,0.8046218752861023,0.7966386556625367,0.0166695983018775,41
17.16414256095886,1.0312797523909707,2.232469844818115,0.36817285406464634,0.3,128,128,1024,1024,"{'dropout_rate': 0.3, 'units_1': 128, 'units_2': 128, 'units_3': 1024, 'units_4': 1024}",0.8172268867492676,0.779411792755127,0.8109243512153625,0.7668067216873169,0.8088235259056091,0.7966386556625367,0.01981482530774236,41
15.958895397186279,3.04191498217011,2.0605215549468996,0.8177274587034603,0.3,128,128,256,512,"{'dropout_rate': 0.3, 'units_1': 128, 'units_2': 128, 'units_3': 256, 'units_4': 512}",0.8004201650619507,0.7752100825309753,0.8130252361297607,0.8004201650619507,0.7941176295280457,0.7966386556625367,0.012350376231597007,41
11.656209135055542,2.38051173803697,1.298058843612671,0.37865334765255193,0.3,128,128,256,1024,"{'dropout_rate': 0.3, 'units_1': 128, 'units_2': 128, 'units_3': 256, 'units_4': 1024}",0.7920168042182922,0.7668067216873169,0.8151260614395142,0.8046218752861023,0.8025209903717041,0.7962184906005859,0.016434968400514165,44
10.45042552947998,2.1503382911596027,1.273252820968628,0.2504372453232712,0.3,128,128,512,512,"{'dropout_rate': 0.3, 'units_1': 128, 'units_2': 128, 'units_3': 512, 'units_4': 512}",0.7689075469970703,0.7815126180648804,0.819327712059021,0.8025209903717041,0.8046218752861023,0.7953781485557556,0.01790527267450565,45
18.292298221588133,2.1014354908535795,1.9332484245300292,0.2904769749775317,0.5,256,512,1024,512,"{'dropout_rate': 0.5, 'units_1': 256, 'units_2': 512, 'units_3': 1024, 'units_4': 512}",0.8046218752861023,0.7920168042182922,0.8046218752861023,0.7878151535987854,0.7857142686843872,0.7949579954147339,0.008147372914792754,46
18.990288829803468,0.803171541454441,2.8375247001647947,0.18409701913756824,0.3,64,256,1024,1024,"{'dropout_rate': 0.3, 'units_1': 64, 'units_2': 256, 'units_3': 1024, 'units_4': 1024}",0.7920168042182922,0.8151260614395142,0.7857142686843872,0.7878151535987854,0.7941176295280457,0.794957983493805,0.010512605583105543,47
29.91333122253418,4.194660554043825,2.488516330718994,1.2413119206594363,0.5,128,512,1024,2048,"{'dropout_rate': 0.5, 'units_1': 128, 'units_2': 512, 'units_3': 1024, 'units_4': 2048}",0.8109243512153625,0.7836134433746338,0.7815126180648804,0.8025209903717041,0.7878151535987854,0.7932773113250733,0.011476037099133035,48
27.64822030067444,6.730539214380454,2.2954967975616456,0.4860501470063527,0.5,256,512,1024,1024,"{'dropout_rate': 0.5, 'units_1': 256, 'units_2': 512, 'units_3': 1024, 'units_4': 1024}",0.779411792755127,0.7773109078407288,0.7941176295280457,0.7941176295280457,0.8214285969734192,0.7932773113250733,0.015754909066431802,48
17.043217182159424,1.3834974584192012,2.0055119514465334,0.4314283007658036,0.5,256,128,512,2048,"{'dropout_rate': 0.5, 'units_1': 256, 'units_2': 128, 'units_3': 512, 'units_4': 2048}",0.7836134433746338,0.7857142686843872,0.7836134433746338,0.8025209903717041,0.8109243512153625,0.7932772994041443,0.011321165317384698,50
15.673104524612427,2.8924634823002187,1.8826374053955077,0.1817048094187126,0.3,64,256,256,2048,"{'dropout_rate': 0.3, 'units_1': 64, 'units_2': 256, 'units_3': 256, 'units_4': 2048}",0.8088235259056091,0.7878151535987854,0.7962185144424438,0.7689075469970703,0.8025209903717041,0.7928571462631225,0.013846436024563502,51
14.130054807662964,2.3190998529200177,1.5036263942718506,0.22358888671846416,0.3,64,128,256,2048,"{'dropout_rate': 0.3, 'units_1': 64, 'units_2': 128, 'units_3': 256, 'units_4': 2048}",0.7668067216873169,0.8172268867492676,0.7857142686843872,0.8004201650619507,0.7941176295280457,0.7928571343421936,0.016627192447665144,52
15.573001289367676,2.8423630171401366,1.9098518371582032,0.25046353054357606,0.3,64,128,512,1024,"{'dropout_rate': 0.3, 'units_1': 64, 'units_2': 128, 'units_3': 512, 'units_4': 1024}",0.7878151535987854,0.7836134433746338,0.8067227005958557,0.7731092572212219,0.8109243512153625,0.7924369812011719,0.014273343357972614,53
18.767435789108276,0.882118526208817,2.74693922996521,0.3972683453771668,0.5,128,256,1024,1024,"{'dropout_rate': 0.5, 'units_1': 128, 'units_2': 256, 'units_3': 1024, 'units_4': 1024}",0.7836134433746338,0.7878151535987854,0.8067227005958557,0.7836134433746338,0.8004201650619507,0.7924369812011719,0.009432750745328995,53
9.101680469512939,1.1157988472044869,1.6549130439758302,0.623066741666909,0.3,128,256,256,1024,"{'dropout_rate': 0.3, 'units_1': 128, 'units_2': 256, 'units_3': 256, 'units_4': 1024}",0.7983193397521973,0.7857142686843872,0.7878151535987854,0.7941176295280457,0.7962185144424438,0.7924369812011719,0.004863802392075666,53
14.792585039138794,1.5872037465103799,1.445110273361206,0.24146976297269462,0.5,256,512,256,2048,"{'dropout_rate': 0.5, 'units_1': 256, 'units_2': 512, 'units_3': 256, 'units_4': 2048}",0.7920168042182922,0.7668067216873169,0.8151260614395142,0.7710084319114685,0.8172268867492676,0.7924369812011719,0.021192466846741476,53
17.742421913146973,2.1127159723702658,2.602441740036011,0.4999078081088387,0.5,256,128,1024,1024,"{'dropout_rate': 0.5, 'units_1': 256, 'units_2': 128, 'units_3': 1024, 'units_4': 1024}",0.7605041861534119,0.7941176295280457,0.7983193397521973,0.8004201650619507,0.8067227005958557,0.7920168042182922,0.01627304753374504,57
14.065271282196045,1.2250975759549545,1.6231735229492188,0.4862891496782763,0.3,128,128,1024,512,"{'dropout_rate': 0.3, 'units_1': 128, 'units_2': 128, 'units_3': 1024, 'units_4': 512}",0.7710084319114685,0.7836134433746338,0.8130252361297607,0.7836134433746338,0.8067227005958557,0.7915966510772705,0.01574369467600584,58
28.727234888076783,2.977475012209305,1.9128644466400146,0.3616475624308056,0.5,128,128,1024,2048,"{'dropout_rate': 0.5, 'units_1': 128, 'units_2': 128, 'units_3': 1024, 'units_4': 2048}",0.7815126180648804,0.7605041861534119,0.8088235259056091,0.8004201650619507,0.8046218752861023,0.7911764740943908,0.01795451160255314,59
16.205719423294067,3.584301707961167,1.9097419738769532,0.412501204411406,0.5,256,256,1024,512,"{'dropout_rate': 0.5, 'units_1': 256, 'units_2': 256, 'units_3': 1024, 'units_4': 512}",0.8004201650619507,0.7857142686843872,0.7857142686843872,0.7899159789085388,0.7941176295280457,0.7911764621734619,0.005574162573582801,60
19.982559967041016,1.1316857394676694,2.1756515502929688,0.6300661883093064,0.3,128,128,512,2048,"{'dropout_rate': 0.3, 'units_1': 128, 'units_2': 128, 'units_3': 512, 'units_4': 2048}",0.7941176295280457,0.7962185144424438,0.8088235259056091,0.7752100825309753,0.779411792755127,0.7907563090324402,0.012148594132313778,61
29.850287437438965,2.355409863838877,2.5346017837524415,1.0505874927845749,0.5,256,512,1024,2048,"{'dropout_rate': 0.5, 'units_1': 256, 'units_2': 512, 'units_3': 1024, 'units_4': 2048}",0.8151260614395142,0.7731092572212219,0.8025209903717041,0.7689075469970703,0.7941176295280457,0.7907562971115112,0.017506443813499195,62
15.35952548980713,2.5111705634877173,1.6681987762451171,0.3229259460254102,0.3,64,512,512,512,"{'dropout_rate': 0.3, 'units_1': 64, 'units_2': 512, 'units_3': 512, 'units_4': 512}",0.7962185144424438,0.7647058963775635,0.7983193397521973,0.7857142686843872,0.8067227005958557,0.7903361439704895,0.014457691780707623,63
16.148040342330933,1.7418642188044346,1.4323681831359862,0.18839042759903388,0.3,64,512,256,2048,"{'dropout_rate': 0.3, 'units_1': 64, 'units_2': 512, 'units_3': 256, 'units_4': 2048}",0.8088235259056091,0.7689075469970703,0.8130252361297607,0.7941176295280457,0.7668067216873169,0.7903361320495605,0.019409772322607374,64
29.581442165374757,1.9937208941028282,2.3780526161193847,0.2615577658533438,0.3,64,128,1024,2048,"{'dropout_rate': 0.3, 'units_1': 64, 'units_2': 128, 'units_3': 1024, 'units_4': 2048}",0.8088235259056091,0.756302535533905,0.7668067216873169,0.7941176295280457,0.825630247592926,0.7903361320495605,0.02574364733499192,64
23.37277913093567,4.449360775855816,2.6354723453521727,0.6614379019140033,0.3,128,512,1024,1024,"{'dropout_rate': 0.3, 'units_1': 128, 'units_2': 512, 'units_3': 1024, 'units_4': 1024}",0.8046218752861023,0.7584033608436584,0.8046218752861023,0.7710084319114685,0.8109243512153625,0.7899159789085388,0.021092268319300486,66
30.804719161987304,2.7452092114288735,2.5028993606567385,0.45187658132048175,0.3,256,256,1024,2048,"{'dropout_rate': 0.3, 'units_1': 256, 'units_2': 256, 'units_3': 1024, 'units_4': 2048}",0.8298319578170776,0.7626050710678101,0.7899159789085388,0.7689075469970703,0.7983193397521973,0.7899159789085388,0.02387945453380054,66
26.174089241027833,3.772317310092808,1.8557926654815673,0.2768807684575128,0.5,256,128,1024,2048,"{'dropout_rate': 0.5, 'units_1': 256, 'units_2': 128, 'units_3': 1024, 'units_4': 2048}",0.7773109078407288,0.7836134433746338,0.8130252361297607,0.8067227005958557,0.7689075469970703,0.7899159669876099,0.017067323430170887,68
12.65829095840454,1.5904608545484349,1.7584667682647706,0.792013307646958,0.3,64,128,1024,512,"{'dropout_rate': 0.3, 'units_1': 64, 'units_2': 128, 'units_3': 1024, 'units_4': 512}",0.7836134433746338,0.8025209903717041,0.7920168042182922,0.7584033608436584,0.8130252361297607,0.7899159669876099,0.01860163757169608,68
21.21399269104004,3.9795030829016955,2.3263188362121583,0.4344589055995396,0.5,256,256,512,2048,"{'dropout_rate': 0.5, 'units_1': 256, 'units_2': 256, 'units_3': 512, 'units_4': 2048}",0.7710084319114685,0.7710084319114685,0.8067227005958557,0.7962185144424438,0.8025209903717041,0.7894958138465882,0.01546080292555349,70
15.410520792007446,3.7091622604018073,2.1839655876159667,0.8953684196098611,0.5,256,512,512,1024,"{'dropout_rate': 0.5, 'units_1': 256, 'units_2': 512, 'units_3': 512, 'units_4': 1024}",0.7920168042182922,0.7731092572212219,0.8151260614395142,0.7689075469970703,0.7983193397521973,0.7894958019256592,0.016932309726900508,71
11.40079207420349,1.3218102038420296,2.351605749130249,0.5734233499045072,0.5,256,256,512,1024,"{'dropout_rate': 0.5, 'units_1': 256, 'units_2': 256, 'units_3': 512, 'units_4': 1024}",0.7689075469970703,0.7962185144424438,0.8151260614395142,0.7815126180648804,0.7836134433746338,0.7890756368637085,0.015642454926365307,72
18.774960374832155,1.9246276865407033,2.4156842708587645,0.3139883517501908,0.3,256,256,1024,1024,"{'dropout_rate': 0.3, 'units_1': 256, 'units_2': 256, 'units_3': 1024, 'units_4': 1024}",0.8025209903717041,0.7626050710678101,0.7836134433746338,0.7836134433746338,0.8130252361297607,0.7890756368637085,0.017405302668661804,72
18.9211266040802,1.7059799785766714,2.058597135543823,0.2274118229034542,0.5,128,128,512,2048,"{'dropout_rate': 0.5, 'units_1': 128, 'units_2': 128, 'units_3': 512, 'units_4': 2048}",0.7752100825309753,0.7899159789085388,0.7941176295280457,0.7836134433746338,0.8025209903717041,0.7890756249427795,0.00926277010834085,74
17.73693389892578,1.8021922248788864,2.6709641933441164,0.8862539533321359,0.5,128,256,512,2048,"{'dropout_rate': 0.5, 'units_1': 128, 'units_2': 256, 'units_3': 512, 'units_4': 2048}",0.7815126180648804,0.7668067216873169,0.8151260614395142,0.7815126180648804,0.7983193397521973,0.7886554718017578,0.016574022204100942,75
18.39876194000244,1.301612404728918,2.536299467086792,0.7251409220974185,0.3,128,256,512,2048,"{'dropout_rate': 0.3, 'units_1': 128, 'units_2': 256, 'units_3': 512, 'units_4': 2048}",0.8067227005958557,0.7899159789085388,0.7689075469970703,0.7815126180648804,0.7962185144424438,0.7886554718017578,0.01285468118661351,75
11.659745168685912,1.2838786016146395,1.3411866188049317,0.2436929465219769,0.3,128,512,256,1024,"{'dropout_rate': 0.3, 'units_1': 128, 'units_2': 512, 'units_3': 256, 'units_4': 1024}",0.7857142686843872,0.7857142686843872,0.7920168042182922,0.7815126180648804,0.7983193397521973,0.7886554598808289,0.005882356848049098,77
11.974489831924439,3.512331119050392,1.474874782562256,0.35119881386152413,0.3,128,256,256,512,"{'dropout_rate': 0.3, 'units_1': 128, 'units_2': 256, 'units_3': 256, 'units_4': 512}",0.7941176295280457,0.779411792755127,0.7899159789085388,0.7773109078407288,0.8025209903717041,0.7886554598808289,0.009357578577697414,77
13.736501693725586,1.2186777610968862,1.8864802360534667,0.3628982924357943,0.5,256,512,256,1024,"{'dropout_rate': 0.5, 'units_1': 256, 'units_2': 512, 'units_3': 256, 'units_4': 1024}",0.7668067216873169,0.8067227005958557,0.7962185144424438,0.779411792755127,0.7899159789085388,0.7878151416778565,0.013744060235200405,79
14.460097074508667,1.2403331906407535,1.9129624366760254,0.46632547083202985,0.3,64,256,512,512,"{'dropout_rate': 0.3, 'units_1': 64, 'units_2': 256, 'units_3': 512, 'units_4': 512}",0.8067227005958557,0.7710084319114685,0.8004201650619507,0.7752100825309753,0.7836134433746338,0.7873949646949768,0.013960708672311316,80
12.506512069702149,1.7770713498759843,1.5267234325408936,0.3335875514802709,0.3,64,256,256,512,"{'dropout_rate': 0.3, 'units_1': 64, 'units_2': 256, 'units_3': 256, 'units_4': 512}",0.7752100825309753,0.7878151535987854,0.7899159789085388,0.7920168042182922,0.7899159789085388,0.7869747996330261,0.006030549636282066,81
15.246427202224732,3.2381967247556847,2.123730421066284,0.5915117250759331,0.3,128,128,512,1024,"{'dropout_rate': 0.3, 'units_1': 128, 'units_2': 128, 'units_3': 512, 'units_4': 1024}",0.8109243512153625,0.7626050710678101,0.7941176295280457,0.7752100825309753,0.7899159789085388,0.7865546226501465,0.0165206602215757,82
20.11195878982544,3.9812146668786528,1.9615081787109374,0.2630298727646412,0.5,128,512,512,2048,"{'dropout_rate': 0.5, 'units_1': 128, 'units_2': 512, 'units_3': 512, 'units_4': 2048}",0.7815126180648804,0.7752100825309753,0.7941176295280457,0.7710084319114685,0.8088235259056091,0.7861344575881958,0.013769712263345012,83
11.24768681526184,0.6867595733157835,1.8116278171539306,0.12246234568366457,0.3,64,512,256,1024,"{'dropout_rate': 0.3, 'units_1': 64, 'units_2': 512, 'units_3': 256, 'units_4': 1024}",0.8067227005958557,0.7710084319114685,0.8004201650619507,0.7773109078407288,0.7752100825309753,0.7861344575881958,0.014518614544632094,83
18.8641450881958,2.8657936046230534,2.596577835083008,0.30671482852367943,0.3,64,256,512,1024,"{'dropout_rate': 0.3, 'units_1': 64, 'units_2': 256, 'units_3': 512, 'units_4': 1024}",0.7731092572212219,0.8025209903717041,0.7752100825309753,0.7899159789085388,0.7899159789085388,0.7861344575881958,0.010826967060521121,83
11.922063398361207,0.5939203427162673,1.855910062789917,0.21417203417803407,0.3,256,256,256,1024,"{'dropout_rate': 0.3, 'units_1': 256, 'units_2': 256, 'units_3': 256, 'units_4': 1024}",0.8109243512153625,0.7773109078407288,0.7878151535987854,0.7647058963775635,0.7899159789085388,0.7861344575881958,0.015288569156898269,83
24.604277276992796,4.370932505005914,2.3238687038421633,0.5430776203062563,0.3,64,256,512,2048,"{'dropout_rate': 0.3, 'units_1': 64, 'units_2': 256, 'units_3': 512, 'units_4': 2048}",0.7878151535987854,0.7710084319114685,0.7878151535987854,0.7899159789085388,0.7920168042182922,0.785714304447174,0.007516187770356734,87
19.203426027297972,1.169179099091656,2.7514593601226807,0.2546382229439064,0.3,64,512,512,2048,"{'dropout_rate': 0.3, 'units_1': 64, 'units_2': 512, 'units_3': 512, 'units_4': 2048}",0.7899159789085388,0.7605041861534119,0.8004201650619507,0.7857142686843872,0.7899159789085388,0.7852941155433655,0.01331343489706658,88
14.457559299468993,1.8609176518190598,1.9834872245788575,0.3908427192777888,0.3,128,256,512,1024,"{'dropout_rate': 0.3, 'units_1': 128, 'units_2': 256, 'units_3': 512, 'units_4': 1024}",0.7899159789085388,0.7878151535987854,0.8025209903717041,0.7268907427787781,0.8151260614395142,0.7844537854194641,0.03040345586553892,89
28.27909450531006,4.441288694465438,1.6894610404968262,0.21738646698194092,0.3,128,128,1024,2048,"{'dropout_rate': 0.3, 'units_1': 128, 'units_2': 128, 'units_3': 1024, 'units_4': 2048}",0.7836134433746338,0.7710084319114685,0.8151260614395142,0.75,0.8004201650619507,0.7840336203575134,0.022642341474235758,90
13.967864751815796,2.499650542889879,1.7819569110870361,0.5686958842120984,0.5,256,512,512,512,"{'dropout_rate': 0.5, 'units_1': 256, 'units_2': 512, 'units_3': 512, 'units_4': 512}",0.7899159789085388,0.7815126180648804,0.756302535533905,0.8004201650619507,0.7899159789085388,0.7836134552955627,0.01491448260083714,91
22.573588037490843,5.9446035146376115,2.384834146499634,0.28972394202487095,0.3,64,128,1024,1024,"{'dropout_rate': 0.3, 'units_1': 64, 'units_2': 128, 'units_3': 1024, 'units_4': 1024}",0.8025209903717041,0.7626050710678101,0.7941176295280457,0.756302535533905,0.8025209903717041,0.7836134433746338,0.02006273155731927,92
11.79932861328125,0.35318726447068155,2.1754579067230226,0.4695714011397882,0.3,64,256,256,1024,"{'dropout_rate': 0.3, 'units_1': 64, 'units_2': 256, 'units_3': 256, 'units_4': 1024}",0.7710084319114685,0.7836134433746338,0.7836134433746338,0.7857142686843872,0.7920168042182922,0.7831932783126831,0.006826910883275695,93
30.169724893569946,3.951703531416296,2.245872735977173,0.4514394423623178,0.3,64,512,1024,1024,"{'dropout_rate': 0.3, 'units_1': 64, 'units_2': 512, 'units_3': 1024, 'units_4': 1024}",0.8109243512153625,0.7689075469970703,0.7899159789085388,0.7394958138465881,0.8067227005958557,0.7831932783126831,0.026387085252458684,93
17.9432466506958,2.427223213444912,2.453517436981201,0.6656332985929242,0.5,128,128,1024,1024,"{'dropout_rate': 0.5, 'units_1': 128, 'units_2': 128, 'units_3': 1024, 'units_4': 1024}",0.7941176295280457,0.7710084319114685,0.7899159789085388,0.7878151535987854,0.7710084319114685,0.7827731251716614,0.009817904096814429,95
12.135556602478028,1.0087622723539595,1.846865749359131,0.4597876047028949,0.5,128,256,512,1024,"{'dropout_rate': 0.5, 'units_1': 128, 'units_2': 256, 'units_3': 512, 'units_4': 1024}",0.8046218752861023,0.7668067216873169,0.7941176295280457,0.7878151535987854,0.7605041861534119,0.7827731132507324,0.01662720299111022,96
12.689458322525024,1.133873179622996,1.9657086372375487,0.5572825582891646,0.5,256,128,512,1024,"{'dropout_rate': 0.5, 'units_1': 256, 'units_2': 128, 'units_3': 512, 'units_4': 1024}",0.779411792755127,0.756302535533905,0.8151260614395142,0.7773109078407288,0.7836134433746338,0.7823529481887818,0.018912230782774205,97
16.935368537902832,1.5816301555265093,1.7871713638305664,0.23679833163439815,0.5,128,512,512,1024,"{'dropout_rate': 0.5, 'units_1': 128, 'units_2': 512, 'units_3': 512, 'units_4': 1024}",0.7668067216873169,0.8067227005958557,0.8004201650619507,0.7268907427787781,0.8109243512153625,0.7823529362678527,0.03179426242644134,98
11.871759843826293,1.7301396049615856,1.8599059104919433,0.5449806227713344,0.5,256,128,1024,512,"{'dropout_rate': 0.5, 'units_1': 256, 'units_2': 128, 'units_3': 1024, 'units_4': 512}",0.7962185144424438,0.7710084319114685,0.7962185144424438,0.7710084319114685,0.7752100825309753,0.78193279504776,0.011764708587107073,99
10.991974496841431,1.9628111016805472,1.6096481800079345,0.3349057232633884,0.5,256,256,512,512,"{'dropout_rate': 0.5, 'units_1': 256, 'units_2': 256, 'units_3': 512, 'units_4': 512}",0.7647058963775635,0.7689075469970703,0.8046218752861023,0.7815126180648804,0.7899159789085388,0.781932783126831,0.014457698709603681,100
12.27601671218872,0.9063811828528306,1.5736160755157471,0.22217217984596413,0.3,64,128,256,1024,"{'dropout_rate': 0.3, 'units_1': 64, 'units_2': 128, 'units_3': 256, 'units_4': 1024}",0.7815126180648804,0.7584033608436584,0.7815126180648804,0.7878151535987854,0.8004201650619507,0.781932783126831,0.013640911725560983,100
12.642849779129028,0.9750702553477637,1.9080161094665526,0.4980645609525786,0.5,128,512,512,512,"{'dropout_rate': 0.5, 'units_1': 128, 'units_2': 512, 'units_3': 512, 'units_4': 512}",0.7857142686843872,0.7605041861534119,0.7941176295280457,0.7983193397521973,0.7710084319114685,0.7819327712059021,0.014211372703610612,102
29.11345992088318,2.290440939973475,2.744035482406616,0.6007555189371876,0.3,64,512,1024,2048,"{'dropout_rate': 0.3, 'units_1': 64, 'units_2': 512, 'units_3': 1024, 'units_4': 2048}",0.819327712059021,0.7626050710678101,0.7773109078407288,0.7857142686843872,0.7647058963775635,0.7819327712059021,0.020515204871185817,102
24.881225776672363,4.943852315955452,2.8888604164123537,1.0318484369243848,0.5,128,512,1024,1024,"{'dropout_rate': 0.5, 'units_1': 128, 'units_2': 512, 'units_3': 1024, 'units_4': 1024}",0.7584033608436584,0.7731092572212219,0.7920168042182922,0.7773109078407288,0.8046218752861023,0.7810924410820007,0.015911012313303562,104
24.700432062149048,4.502305118029763,1.6877805709838867,0.2703174689190085,0.3,64,128,512,2048,"{'dropout_rate': 0.3, 'units_1': 64, 'units_2': 128, 'units_3': 512, 'units_4': 2048}",0.7836134433746338,0.7647058963775635,0.7878151535987854,0.7899159789085388,0.7773109078407288,0.7806722760200501,0.009070185042523535,105
13.53567476272583,1.1383881029013159,2.1713347911834715,0.7860753702013186,0.5,64,512,256,2048,"{'dropout_rate': 0.5, 'units_1': 64, 'units_2': 512, 'units_3': 256, 'units_4': 2048}",0.7605041861534119,0.7836134433746338,0.8151260614395142,0.75,0.7941176295280457,0.780672264099121,0.023341086912187003,106
13.804364919662476,1.9748422078896937,1.4752636432647706,0.18026195523435207,0.5,128,256,256,2048,"{'dropout_rate': 0.5, 'units_1': 128, 'units_2': 256, 'units_3': 256, 'units_4': 2048}",0.779411792755127,0.7689075469970703,0.7899159789085388,0.7710084319114685,0.7920168042182922,0.7802521109580993,0.0094514466589534,107
18.017103910446167,1.409548280260928,2.0010281562805177,0.5121491202110167,0.3,64,512,512,1024,"{'dropout_rate': 0.3, 'units_1': 64, 'units_2': 512, 'units_3': 512, 'units_4': 1024}",0.6953781247138977,0.7773109078407288,0.8025209903717041,0.8025209903717041,0.819327712059021,0.7794117450714111,0.044107644971625275,108
31.259964179992675,1.617002287660869,2.007534313201904,0.6223889786581365,0.5,128,256,1024,2048,"{'dropout_rate': 0.5, 'units_1': 128, 'units_2': 256, 'units_3': 1024, 'units_4': 2048}",0.7920168042182922,0.7689075469970703,0.7983193397521973,0.7626050710678101,0.7689075469970703,0.7781512618064881,0.014223791392148565,109
9.792545700073243,0.20462304238652052,0.9434115409851074,0.09404539789075628,0.3,64,128,256,512,"{'dropout_rate': 0.3, 'units_1': 64, 'units_2': 128, 'units_3': 256, 'units_4': 512}",0.7542017102241516,0.779411792755127,0.7815126180648804,0.7815126180648804,0.7899159789085388,0.7773109436035156,0.012104918720414347,110
17.754691648483277,2.395106574515129,2.1642278671264648,0.35870420609930753,0.3,64,256,1024,512,"{'dropout_rate': 0.3, 'units_1': 64, 'units_2': 256, 'units_3': 1024, 'units_4': 512}",0.8235294222831726,0.7689075469970703,0.7752100825309753,0.7415966391563416,0.7773109078407288,0.7773109197616577,0.02640715814084171,111
13.611931562423706,2.4853828604013386,1.351676082611084,0.22017138384549553,0.5,128,512,256,2048,"{'dropout_rate': 0.5, 'units_1': 128, 'units_2': 512, 'units_3': 256, 'units_4': 2048}",0.7478991746902466,0.7605041861534119,0.7962185144424438,0.7920168042182922,0.7878151535987854,0.7768907666206359,0.01913496016292953,112
15.482972669601441,1.9281497859803258,1.9041744709014892,0.26629647322528754,0.5,128,512,1024,512,"{'dropout_rate': 0.5, 'units_1': 128, 'units_2': 512, 'units_3': 1024, 'units_4': 512}",0.7752100825309753,0.7521008253097534,0.8046218752861023,0.743697464466095,0.8088235259056091,0.776890754699707,0.02648726750911134,113
29.654355430603026,2.978414776113077,2.2037755966186525,0.2637477917824027,0.3,64,256,1024,2048,"{'dropout_rate': 0.3, 'units_1': 64, 'units_2': 256, 'units_3': 1024, 'units_4': 2048}",0.7899159789085388,0.7605041861534119,0.7731092572212219,0.7521008253097534,0.8067227005958557,0.7764705896377564,0.01977917449898132,114
16.878507804870605,1.073266054220433,2.8295703887939454,0.979025121933181,0.5,64,256,1024,1024,"{'dropout_rate': 0.5, 'units_1': 64, 'units_2': 256, 'units_3': 1024, 'units_4': 1024}",0.7584033608436584,0.7815126180648804,0.7836134433746338,0.7668067216873169,0.7899159789085388,0.7760504245758056,0.011628871909816655,115
12.958125877380372,1.7143160843763345,1.7363650321960449,0.263137772186943,0.5,128,128,256,2048,"{'dropout_rate': 0.5, 'units_1': 128, 'units_2': 128, 'units_3': 256, 'units_4': 2048}",0.7920168042182922,0.7668067216873169,0.7710084319114685,0.7752100825309753,0.7731092572212219,0.775630259513855,0.008651785466242833,116
31.441494274139405,2.596904895810772,2.23113431930542,0.529297139159135,0.5,64,512,1024,2048,"{'dropout_rate': 0.5, 'units_1': 64, 'units_2': 512, 'units_3': 1024, 'units_4': 2048}",0.7710084319114685,0.8004201650619507,0.7689075469970703,0.7647058963775635,0.7731092572212219,0.775630259513855,0.012702698402670565,116
20.062374210357667,1.6835762673194035,2.387672185897827,0.5059994926960654,0.3,64,512,1024,512,"{'dropout_rate': 0.3, 'units_1': 64, 'units_2': 512, 'units_3': 1024, 'units_4': 512}",0.7983193397521973,0.7415966391563416,0.8088235259056091,0.7394958138465881,0.7899159789085388,0.775630259513855,0.029273382287530587,116
12.970929622650146,2.3937761992245417,1.9061966419219971,0.6342523852064205,0.5,256,256,256,512,"{'dropout_rate': 0.5, 'units_1': 256, 'units_2': 256, 'units_3': 256, 'units_4': 512}",0.7710084319114685,0.7668067216873169,0.7899159789085388,0.7752100825309753,0.7731092572212219,0.7752100944519043,0.007860625886609268,119
12.50206379890442,0.6869553528903102,1.877695894241333,0.4193384516876591,0.5,256,128,256,2048,"{'dropout_rate': 0.5, 'units_1': 256, 'units_2': 128, 'units_3': 256, 'units_4': 2048}",0.7605041861534119,0.7689075469970703,0.7836134433746338,0.7836134433746338,0.779411792755127,0.7752100825309753,0.009109035713718268,120
14.230931520462036,1.3471417113145385,1.8912932395935058,0.23711547591212181,0.5,128,128,1024,512,"{'dropout_rate': 0.5, 'units_1': 128, 'units_2': 128, 'units_3': 1024, 'units_4': 512}",0.7626050710678101,0.7605041861534119,0.7899159789085388,0.7773109078407288,0.7836134433746338,0.7747899174690247,0.01153742031457821,121
14.314730501174926,1.5277410970540704,1.775334119796753,0.3746622456776483,0.5,256,512,256,512,"{'dropout_rate': 0.5, 'units_1': 256, 'units_2': 512, 'units_3': 256, 'units_4': 512}",0.7752100825309753,0.7689075469970703,0.7773109078407288,0.7584033608436584,0.7941176295280457,0.7747899055480957,0.011689430310967919,122
23.219726467132567,4.862852307971954,2.8798782348632814,0.4955531213470148,0.5,64,512,1024,1024,"{'dropout_rate': 0.5, 'units_1': 64, 'units_2': 512, 'units_3': 1024, 'units_4': 1024}",0.7752100825309753,0.7521008253097534,0.7647058963775635,0.7878151535987854,0.7920168042182922,0.774369752407074,0.014711890653317928,123
15.061740159988403,3.202759066520589,1.9522966384887694,0.7422801926046286,0.5,128,256,1024,512,"{'dropout_rate': 0.5, 'units_1': 128, 'units_2': 256, 'units_3': 1024, 'units_4': 512}",0.756302535533905,0.7836134433746338,0.7920168042182922,0.7668067216873169,0.7731092572212219,0.774369752407074,0.01250661319186961,123
10.99652395248413,0.6204493781983326,1.6157226085662841,0.2936247979396192,0.5,256,256,256,1024,"{'dropout_rate': 0.5, 'units_1': 256, 'units_2': 256, 'units_3': 256, 'units_4': 1024}",0.7521008253097534,0.779411792755127,0.7815126180648804,0.779411792755127,0.7773109078407288,0.7739495873451233,0.011004886982632153,125
12.61571216583252,1.3031197660077223,1.9356254100799561,0.3916599902129925,0.3,64,128,512,512,"{'dropout_rate': 0.3, 'units_1': 64, 'units_2': 128, 'units_3': 512, 'units_4': 512}",0.7584033608436584,0.7836134433746338,0.7584033608436584,0.7626050710678101,0.8067227005958557,0.7739495873451233,0.018865499897645754,125
22.838688802719116,5.353522363124023,2.840919828414917,0.3073273502353624,0.5,64,128,1024,1024,"{'dropout_rate': 0.5, 'units_1': 64, 'units_2': 128, 'units_3': 1024, 'units_4': 1024}",0.7626050710678101,0.7836134433746338,0.7668067216873169,0.7605041861534119,0.7920168042182922,0.773109245300293,0.012464196385787966,127
14.011078023910523,1.1916132645305162,1.8949000835418701,0.2143928611743773,0.5,64,512,512,512,"{'dropout_rate': 0.5, 'units_1': 64, 'units_2': 512, 'units_3': 512, 'units_4': 512}",0.7542017102241516,0.7647058963775635,0.8088235259056091,0.7689075469970703,0.7647058963775635,0.7722689151763916,0.018912222307760025,128
16.030334949493408,2.0836472084986,1.9588534355163574,0.22563922914249593,0.5,64,256,512,1024,"{'dropout_rate': 0.5, 'units_1': 64, 'units_2': 256, 'units_3': 512, 'units_4': 1024}",0.7521008253097534,0.7668067216873169,0.8004201650619507,0.7605041861534119,0.7815126180648804,0.7722689032554626,0.017046613556798672,129
13.372634887695312,2.0428094491860995,1.5117609024047851,0.2420681854793297,0.5,64,256,256,2048,"{'dropout_rate': 0.5, 'units_1': 64, 'units_2': 256, 'units_3': 256, 'units_4': 2048}",0.7605041861534119,0.7689075469970703,0.7857142686843872,0.7899159789085388,0.7542017102241516,0.771848738193512,0.013910033685394632,130
12.518793058395385,1.67039137405226,1.5362016677856445,0.32177965430045385,0.5,256,256,256,2048,"{'dropout_rate': 0.5, 'units_1': 256, 'units_2': 256, 'units_3': 256, 'units_4': 2048}",0.7394958138465881,0.7773109078407288,0.7899159789085388,0.7836134433746338,0.7626050710678101,0.7705882430076599,0.017993785746580362,131
30.192420530319215,1.3536119744984514,2.0041460037231444,0.6486651469020989,0.5,64,128,1024,2048,"{'dropout_rate': 0.5, 'units_1': 64, 'units_2': 128, 'units_3': 1024, 'units_4': 2048}",0.7668067216873169,0.7731092572212219,0.7836134433746338,0.7478991746902466,0.779411792755127,0.7701680779457092,0.012506617597279144,132
10.712976264953614,0.8159916409688882,1.5787493228912353,0.2938973674466906,0.5,128,256,256,1024,"{'dropout_rate': 0.5, 'units_1': 128, 'units_2': 256, 'units_3': 256, 'units_4': 1024}",0.7584033608436584,0.75,0.7857142686843872,0.7899159789085388,0.7668067216873169,0.7701680660247803,0.015415072437920587,133
12.620473527908326,1.9072458724580557,1.6643585205078124,0.7915576172214629,0.5,128,512,256,512,"{'dropout_rate': 0.5, 'units_1': 128, 'units_2': 512, 'units_3': 256, 'units_4': 512}",0.7668067216873169,0.7668067216873169,0.7668067216873169,0.7689075469970703,0.779411792755127,0.7697479009628296,0.004899971549980996,134
16.533507966995238,1.3916389213659401,2.2583303451538086,0.22239853586617342,0.5,64,512,512,1024,"{'dropout_rate': 0.5, 'units_1': 64, 'units_2': 512, 'units_3': 512, 'units_4': 1024}",0.7710084319114685,0.7878151535987854,0.7836134433746338,0.7163865566253662,0.7857142686843872,0.7689075708389282,0.026903884539572057,135
13.008761119842529,2.09943953955015,1.720816469192505,0.34281021178121324,0.5,256,128,512,512,"{'dropout_rate': 0.5, 'units_1': 256, 'units_2': 128, 'units_3': 512, 'units_4': 512}",0.7605041861534119,0.7689075469970703,0.7836134433746338,0.7689075469970703,0.7605041861534119,0.7684873819351197,0.00844527846561235,136
12.682140684127807,0.847434343331302,2.256292724609375,0.4444714091831729,0.5,128,128,512,1024,"{'dropout_rate': 0.5, 'units_1': 128, 'units_2': 128, 'units_3': 512, 'units_4': 1024}",0.7268907427787781,0.7647058963775635,0.7731092572212219,0.7983193397521973,0.7773109078407288,0.768067228794098,0.02337887690451566,137
29.052663373947144,3.6971713347653083,2.6062811851501464,1.1759777121573634,0.5,64,256,1024,2048,"{'dropout_rate': 0.5, 'units_1': 64, 'units_2': 256, 'units_3': 1024, 'units_4': 2048}",0.7731092572212219,0.7647058963775635,0.7626050710678101,0.7394958138465881,0.7983193397521973,0.7676470756530762,0.018958845426426188,138
8.880240869522094,1.319939309445475,1.4369206428527832,0.3228492921471919,0.5,128,512,256,1024,"{'dropout_rate': 0.5, 'units_1': 128, 'units_2': 512, 'units_3': 256, 'units_4': 1024}",0.756302535533905,0.7689075469970703,0.7752100825309753,0.7584033608436584,0.779411792755127,0.7676470637321472,0.009070185042523535,139
26.87003698348999,5.4079489564251135,3.1491401195526123,0.6142296233311575,0.7,256,512,1024,1024,"{'dropout_rate': 0.7, 'units_1': 256, 'units_2': 512, 'units_3': 1024, 'units_4': 1024}",0.75,0.7647058963775635,0.7878151535987854,0.7773109078407288,0.7521008253097534,0.7663865566253663,0.014518623859392328,140
19.213112545013427,0.6858698656047597,2.6091036796569824,0.8182822973695207,0.5,64,128,512,2048,"{'dropout_rate': 0.5, 'units_1': 64, 'units_2': 128, 'units_3': 512, 'units_4': 2048}",0.7857142686843872,0.7478991746902466,0.7605041861534119,0.7247899174690247,0.8109243512153625,0.7659663796424866,0.029876274262965317,141
19.418122053146362,1.1198244108301112,2.0797964096069337,0.4320836154028225,0.5,64,256,512,2048,"{'dropout_rate': 0.5, 'units_1': 64, 'units_2': 256, 'units_3': 512, 'units_4': 2048}",0.7521008253097534,0.7626050710678101,0.7731092572212219,0.7521008253097534,0.7836134433746338,0.7647058844566346,0.012249905364088565,142
22.307569360733034,5.699096805372423,2.1114408016204833,0.4452332278004821,0.5,64,512,512,2048,"{'dropout_rate': 0.5, 'units_1': 64, 'units_2': 512, 'units_3': 512, 'units_4': 2048}",0.7731092572212219,0.7647058963775635,0.7584033608436584,0.7668067216873169,0.7584033608436584,0.7642857193946838,0.005542402101587261,143
11.787294483184814,1.7437943205348716,1.5993799686431884,0.4062513958694009,0.5,256,128,256,1024,"{'dropout_rate': 0.5, 'units_1': 256, 'units_2': 128, 'units_3': 256, 'units_4': 1024}",0.743697464466095,0.7478991746902466,0.7710084319114685,0.7773109078407288,0.779411792755127,0.7638655543327332,0.015067586985994053,144
15.307958269119263,0.6250273742176784,2.5026541709899903,0.7159399623811261,0.5,64,128,1024,512,"{'dropout_rate': 0.5, 'units_1': 64, 'units_2': 128, 'units_3': 1024, 'units_4': 512}",0.7815126180648804,0.75,0.7605041861534119,0.7605041861534119,0.7647058963775635,0.7634453773498535,0.010257616474229759,145
12.761964273452758,1.7174471246339151,1.7843082427978516,0.24401340690367035,0.5,128,256,512,512,"{'dropout_rate': 0.5, 'units_1': 128, 'units_2': 256, 'units_3': 512, 'units_4': 512}",0.7731092572212219,0.743697464466095,0.7689075469970703,0.7584033608436584,0.7710084319114685,0.7630252122879029,0.010908207607503823,146
11.190693712234497,0.9758820030187316,1.399337100982666,0.07410328774044529,0.5,128,128,256,1024,"{'dropout_rate': 0.5, 'units_1': 128, 'units_2': 128, 'units_3': 256, 'units_4': 1024}",0.7289915680885315,0.7668067216873169,0.7752100825309753,0.7689075469970703,0.7752100825309753,0.7630252003669739,0.01734435203827605,147
17.80889472961426,2.3893235293189004,2.032691144943237,0.3289589490324352,0.7,128,512,512,2048,"{'dropout_rate': 0.7, 'units_1': 128, 'units_2': 512, 'units_3': 512, 'units_4': 2048}",0.756302535533905,0.7542017102241516,0.7626050710678101,0.7647058963775635,0.7710084319114685,0.7617647290229798,0.006030547144565774,148
18.691319084167482,2.289445612108568,1.5689332485198975,0.1574834938638767,0.5,64,512,1024,512,"{'dropout_rate': 0.5, 'units_1': 64, 'units_2': 512, 'units_3': 1024, 'units_4': 512}",0.7394958138465881,0.7542017102241516,0.7836134433746338,0.7394958138465881,0.7878151535987854,0.7609243869781495,0.020983176524332257,149
22.14915108680725,4.086949008061385,2.6394643783569336,0.33056450626989764,0.7,256,512,512,2048,"{'dropout_rate': 0.7, 'units_1': 256, 'units_2': 512, 'units_3': 512, 'units_4': 2048}",0.7394958138465881,0.7626050710678101,0.7836134433746338,0.75,0.7647058963775635,0.760084044933319,0.014878930714614045,150
15.70987811088562,2.6000594418184626,2.4325987815856935,0.7980114147615057,0.7,256,512,256,2048,"{'dropout_rate': 0.7, 'units_1': 256, 'units_2': 512, 'units_3': 256, 'units_4': 2048}",0.75,0.7268907427787781,0.7857142686843872,0.7521008253097534,0.7815126180648804,0.7592436909675598,0.021816398455031888,151
28.73548607826233,3.734745147500688,1.5488111972808838,0.7686909270144519,0.7,256,512,1024,2048,"{'dropout_rate': 0.7, 'units_1': 256, 'units_2': 512, 'units_3': 1024, 'units_4': 2048}",0.7268907427787781,0.7542017102241516,0.7752100825309753,0.756302535533905,0.7668067216873169,0.7558823585510254,0.01634880752079418,152
13.07022819519043,2.7548410040375653,1.587422513961792,0.2833473693845818,0.5,128,256,256,512,"{'dropout_rate': 0.5, 'units_1': 128, 'units_2': 256, 'units_3': 256, 'units_4': 512}",0.7521008253097534,0.7415966391563416,0.7689075469970703,0.7542017102241516,0.7584033608436584,0.7550420165061951,0.008873403675366175,153
18.655827474594116,1.1092069984029713,2.0026804924011232,0.14291726396837373,0.7,256,256,512,2048,"{'dropout_rate': 0.7, 'units_1': 256, 'units_2': 256, 'units_3': 512, 'units_4': 2048}",0.7310924530029297,0.7478991746902466,0.7689075469970703,0.7521008253097534,0.7668067216873169,0.7533613443374634,0.013782527460208369,154
17.917904376983643,2.616453876265829,2.10439019203186,0.9664175001060806,0.5,64,256,1024,512,"{'dropout_rate': 0.5, 'units_1': 64, 'units_2': 256, 'units_3': 1024, 'units_4': 512}",0.7352941036224365,0.7584033608436584,0.7710084319114685,0.756302535533905,0.743697464466095,0.7529411792755127,0.012364669860323155,155
12.278500175476074,2.4090602083569244,1.2837511539459228,0.15504732075148067,0.5,256,128,256,512,"{'dropout_rate': 0.5, 'units_1': 256, 'units_2': 128, 'units_3': 256, 'units_4': 512}",0.720588207244873,0.7394958138465881,0.7836134433746338,0.7457982897758484,0.7710084319114685,0.7521008372306823,0.02254859663106874,156
26.976899766921996,3.7295660608718966,2.211567497253418,1.3688540747764124,0.7,256,128,1024,2048,"{'dropout_rate': 0.7, 'units_1': 256, 'units_2': 128, 'units_3': 1024, 'units_4': 2048}",0.7247899174690247,0.7457982897758484,0.7773109078407288,0.743697464466095,0.7647058963775635,0.751260495185852,0.018150093217210193,157
12.263161420822144,0.9766749369879906,1.6625309944152833,0.288302439126607,0.5,64,256,512,512,"{'dropout_rate': 0.5, 'units_1': 64, 'units_2': 256, 'units_3': 512, 'units_4': 512}",0.743697464466095,0.7478991746902466,0.7731092572212219,0.7289915680885315,0.756302535533905,0.75,0.014555063421296229,158
10.016776323318481,0.7024956900060904,1.5154875278472901,0.3509763484516173,0.5,64,256,256,1024,"{'dropout_rate': 0.5, 'units_1': 64, 'units_2': 256, 'units_3': 256, 'units_4': 1024}",0.7478991746902466,0.7605041861534119,0.7289915680885315,0.7584033608436584,0.7521008253097534,0.7495798230171203,0.011227224074298702,159
13.316523170471191,2.1912612842297117,1.8239137172698974,0.37986413146969067,0.5,128,128,512,512,"{'dropout_rate': 0.5, 'units_1': 128, 'units_2': 128, 'units_3': 512, 'units_4': 512}",0.7310924530029297,0.7352941036224365,0.7626050710678101,0.7668067216873169,0.75,0.7491596698760986,0.014223794561423102,160
12.836388111114502,0.360580616736076,2.587619924545288,0.7704949429143069,0.5,64,128,512,1024,"{'dropout_rate': 0.5, 'units_1': 64, 'units_2': 128, 'units_3': 512, 'units_4': 1024}",0.7268907427787781,0.7478991746902466,0.7647058963775635,0.7394958138465881,0.7647058963775635,0.748739504814148,0.014651769169705862,161
28.61035237312317,1.8135290631324195,2.5018468379974363,0.704867746181181,0.7,256,256,1024,2048,"{'dropout_rate': 0.7, 'units_1': 256, 'units_2': 256, 'units_3': 1024, 'units_4': 2048}",0.7457982897758484,0.7521008253097534,0.7584033608436584,0.7478991746902466,0.7352941036224365,0.7478991508483886,0.0076327364518785495,162
13.344709062576294,2.5509032081627443,2.0585853099822997,0.8788489799908789,0.5,64,512,256,512,"{'dropout_rate': 0.5, 'units_1': 64, 'units_2': 512, 'units_3': 256, 'units_4': 512}",0.7331932783126831,0.7626050710678101,0.7542017102241516,0.756302535533905,0.7310924530029297,0.7474790096282959,0.01284093769659089,163
10.668689727783203,0.5740632790892598,1.3636977195739746,0.32323521270776295,0.7,256,256,256,2048,"{'dropout_rate': 0.7, 'units_1': 256, 'units_2': 256, 'units_3': 256, 'units_4': 2048}",0.7394958138465881,0.7415966391563416,0.7394958138465881,0.7584033608436584,0.756302535533905,0.7470588326454163,0.008466149390913358,164
12.883917713165284,2.9833414307685233,1.5748218536376952,0.5095168213524968,0.7,128,512,256,2048,"{'dropout_rate': 0.7, 'units_1': 128, 'units_2': 512, 'units_3': 256, 'units_4': 2048}",0.7310924530029297,0.7331932783126831,0.7752100825309753,0.7521008253097534,0.743697464466095,0.7470588207244873,0.015977435539063507,165
15.06892704963684,1.4713921032174209,2.34708571434021,0.26625486941031984,0.7,256,512,512,1024,"{'dropout_rate': 0.7, 'units_1': 256, 'units_2': 512, 'units_3': 512, 'units_4': 1024}",0.7268907427787781,0.7352941036224365,0.7668067216873169,0.743697464466095,0.7605041861534119,0.7466386437416077,0.015008886386948625,166
10.656842803955078,1.8795080518855423,1.3163844108581544,0.5370180340954633,0.5,64,256,256,512,"{'dropout_rate': 0.5, 'units_1': 64, 'units_2': 256, 'units_3': 256, 'units_4': 512}",0.7163865566253662,0.779411792755127,0.7773109078407288,0.6827731132507324,0.7626050710678101,0.7436974883079529,0.03800141225306362,167
11.419596195220947,1.1830693809309978,1.65431489944458,0.24546426477224134,0.5,64,512,256,1024,"{'dropout_rate': 0.5, 'units_1': 64, 'units_2': 512, 'units_3': 256, 'units_4': 1024}",0.7478991746902466,0.7289915680885315,0.7394958138465881,0.7521008253097534,0.75,0.7436974763870239,0.008507761781196438,168
11.95211911201477,1.416092649593028,1.4644621372222901,0.29454189732357716,0.5,128,128,256,512,"{'dropout_rate': 0.5, 'units_1': 128, 'units_2': 128, 'units_3': 256, 'units_4': 512}",0.7226890921592712,0.7394958138465881,0.7415966391563416,0.75,0.7626050710678101,0.7432773232460022,0.013113016359555656,169
12.160293245315552,0.773772784610977,1.946086835861206,0.8114346173713488,0.5,64,128,256,1024,"{'dropout_rate': 0.5, 'units_1': 64, 'units_2': 128, 'units_3': 256, 'units_4': 1024}",0.680672287940979,0.7478991746902466,0.7542017102241516,0.7605041861534119,0.7647058963775635,0.7415966510772705,0.03099006113112988,170
13.666064548492432,1.0564921485475287,1.6014633655548096,0.4721806882700279,0.5,64,128,256,512,"{'dropout_rate': 0.5, 'units_1': 64, 'units_2': 128, 'units_3': 256, 'units_4': 512}",0.7100840210914612,0.743697464466095,0.75,0.7626050710678101,0.7394958138465881,0.7411764740943909,0.01739517187450786,171
30.38670768737793,2.880630661412208,2.300990915298462,0.3916447605555054,0.7,128,512,1024,2048,"{'dropout_rate': 0.7, 'units_1': 128, 'units_2': 512, 'units_3': 1024, 'units_4': 2048}",0.7163865566253662,0.7331932783126831,0.75,0.7142857313156128,0.7815126180648804,0.7390756368637085,0.024836163168534875,172
16.55717945098877,0.5334228811992773,2.3027021884918213,0.685086698260123,0.7,128,128,1024,2048,"{'dropout_rate': 0.7, 'units_1': 128, 'units_2': 128, 'units_3': 1024, 'units_4': 2048}",0.7352941036224365,0.75,0.7668067216873169,0.7478991746902466,0.6953781247138977,0.7390756249427796,0.024041556342887092,173
11.485426473617554,0.9336996785243041,1.6853352069854737,0.4488917005268394,0.7,256,128,512,1024,"{'dropout_rate': 0.7, 'units_1': 256, 'units_2': 128, 'units_3': 512, 'units_4': 1024}",0.7184873819351196,0.7310924530029297,0.7542017102241516,0.7289915680885315,0.7457982897758484,0.7357142806053162,0.012702712203506038,174
24.657008361816406,4.756024929094553,1.266065788269043,0.21070799310433505,0.7,64,512,1024,2048,"{'dropout_rate': 0.7, 'units_1': 64, 'units_2': 512, 'units_3': 1024, 'units_4': 2048}",0.7226890921592712,0.7394958138465881,0.7352941036224365,0.7478991746902466,0.7289915680885315,0.7348739504814148,0.00865179530808946,175
17.666075038909913,0.816033885002247,1.8103062152862548,0.4184251531541028,0.7,256,256,1024,1024,"{'dropout_rate': 0.7, 'units_1': 256, 'units_2': 256, 'units_3': 1024, 'units_4': 1024}",0.668067216873169,0.7394958138465881,0.7478991746902466,0.7521008253097534,0.7626050710678101,0.7340336203575134,0.03381244514613682,176
12.533200073242188,0.4056007611772213,1.9332124233245849,0.4493368251916282,0.5,64,128,256,2048,"{'dropout_rate': 0.5, 'units_1': 64, 'units_2': 128, 'units_3': 256, 'units_4': 2048}",0.6638655662536621,0.7331932783126831,0.7647058963775635,0.7478991746902466,0.7584033608436584,0.7336134552955628,0.03647000318794355,177
25.00832724571228,5.4130309292226295,1.2642661571502685,0.2979632072558286,0.7,128,256,1024,2048,"{'dropout_rate': 0.7, 'units_1': 128, 'units_2': 256, 'units_3': 1024, 'units_4': 2048}",0.7226890921592712,0.7394958138465881,0.7310924530029297,0.756302535533905,0.7142857313156128,0.7327731251716614,0.014457688662695941,178
18.657181358337404,1.4811036321911564,1.7201408863067627,0.26268188985673774,0.7,256,128,512,2048,"{'dropout_rate': 0.7, 'units_1': 256, 'units_2': 128, 'units_3': 512, 'units_4': 2048}",0.6869747638702393,0.7289915680885315,0.7310924530029297,0.7626050710678101,0.7521008253097534,0.7323529362678528,0.025989370618818935,179
18.89485788345337,0.773064288844527,2.39707612991333,0.47134799283565315,0.7,128,512,1024,1024,"{'dropout_rate': 0.7, 'units_1': 128, 'units_2': 512, 'units_3': 1024, 'units_4': 1024}",0.7184873819351196,0.7394958138465881,0.7037814855575562,0.7521008253097534,0.7415966391563416,0.7310924291610718,0.017476171586593748,180
14.400155735015868,3.25483297839305,2.1222659587860107,0.7850732347536007,0.7,128,256,1024,1024,"{'dropout_rate': 0.7, 'units_1': 128, 'units_2': 256, 'units_3': 1024, 'units_4': 1024}",0.7121848464012146,0.7226890921592712,0.7394958138465881,0.7352941036224365,0.7289915680885315,0.7277310848236084,0.00963643232228467,181
17.799570035934448,1.4064583307344234,2.0739142894744873,0.4081383495567967,0.7,128,512,1024,512,"{'dropout_rate': 0.7, 'units_1': 128, 'units_2': 512, 'units_3': 1024, 'units_4': 512}",0.720588207244873,0.7184873819351196,0.7457982897758484,0.7373949289321899,0.7163865566253662,0.7277310729026795,0.011704519135587493,182
18.927244091033934,3.9311999427534623,2.232925224304199,0.6122241947926479,0.7,256,512,1024,512,"{'dropout_rate': 0.7, 'units_1': 256, 'units_2': 512, 'units_3': 1024, 'units_4': 512}",0.6911764740943909,0.7457982897758484,0.6638655662536621,0.7710084319114685,0.756302535533905,0.725630259513855,0.04100891891845613,183
8.52947416305542,1.6519081731583292,1.6378025531768798,0.6189120604648756,0.7,128,512,256,1024,"{'dropout_rate': 0.7, 'units_1': 128, 'units_2': 512, 'units_3': 256, 'units_4': 1024}",0.7100840210914612,0.7394958138465881,0.7184873819351196,0.7100840210914612,0.7457982897758484,0.7247899055480957,0.015032390534711683,184
14.93322720527649,2.513071394405122,1.8827345848083497,0.4351720304500089,0.7,128,512,512,1024,"{'dropout_rate': 0.7, 'units_1': 128, 'units_2': 512, 'units_3': 512, 'units_4': 1024}",0.6239495873451233,0.7647058963775635,0.756302535533905,0.7457982897758484,0.7310924530029297,0.724369752407074,0.05144957456922104,185
12.700477933883667,1.5517050693386867,2.48186936378479,1.189139569918498,0.5,64,128,512,512,"{'dropout_rate': 0.5, 'units_1': 64, 'units_2': 128, 'units_3': 512, 'units_4': 512}",0.6953781247138977,0.7310924530029297,0.7184873819351196,0.75,0.7268907427787781,0.724369740486145,0.01779649654341432,186
12.143423700332642,0.7502199318735049,1.5196375846862793,0.19575122398834102,0.7,256,128,256,2048,"{'dropout_rate': 0.7, 'units_1': 256, 'units_2': 128, 'units_3': 256, 'units_4': 2048}",0.7268907427787781,0.680672287940979,0.7121848464012146,0.7542017102241516,0.743697464466095,0.7235294103622436,0.025784766876845184,187
16.462904739379884,1.0929570328821185,2.1845372200012205,0.21394111267228222,0.7,256,512,256,512,"{'dropout_rate': 0.7, 'units_1': 256, 'units_2': 512, 'units_3': 256, 'units_4': 512}",0.6953781247138977,0.7121848464012146,0.7647058963775635,0.720588207244873,0.720588207244873,0.7226890563964844,0.02293672772348707,188
12.259874486923218,1.933197301617297,1.6578073501586914,0.3300588752635589,0.7,128,256,512,2048,"{'dropout_rate': 0.7, 'units_1': 128, 'units_2': 256, 'units_3': 512, 'units_4': 2048}",0.7331932783126831,0.7394958138465881,0.7457982897758484,0.7037814855575562,0.6890756487846375,0.7222689032554627,0.02196960265654791,189
13.540950536727905,1.5167399616231747,1.7919262886047362,0.35069072430996756,0.7,256,128,1024,512,"{'dropout_rate': 0.7, 'units_1': 256, 'units_2': 128, 'units_3': 1024, 'units_4': 512}",0.6764705777168274,0.7142857313156128,0.7521008253097534,0.7415966391563416,0.720588207244873,0.7210083961486816,0.026151875470490468,190
17.32362804412842,1.268173652134929,2.081850528717041,0.2537254860152793,0.7,256,128,1024,1024,"{'dropout_rate': 0.7, 'units_1': 256, 'units_2': 128, 'units_3': 1024, 'units_4': 1024}",0.7247899174690247,0.7373949289321899,0.7373949289321899,0.7142857313156128,0.6848739385604858,0.7197478890419007,0.019464252740066176,191
12.79101128578186,1.7581861646312344,1.352180051803589,0.23586127796506565,0.7,128,128,512,2048,"{'dropout_rate': 0.7, 'units_1': 128, 'units_2': 128, 'units_3': 512, 'units_4': 2048}",0.720588207244873,0.7079831957817078,0.7226890921592712,0.7100840210914612,0.7268907427787781,0.7176470518112182,0.0073499379029642676,192
15.836646270751952,2.565075510773721,1.975824499130249,0.28754619345885246,0.7,256,256,1024,512,"{'dropout_rate': 0.7, 'units_1': 256, 'units_2': 256, 'units_3': 1024, 'units_4': 512}",0.651260495185852,0.7142857313156128,0.7247899174690247,0.7079831957817078,0.7668067216873169,0.7130252122879028,0.03707492456807513,193
9.875513076782227,1.5825206171759376,1.415890645980835,0.44412272889078364,0.7,256,256,256,1024,"{'dropout_rate': 0.7, 'units_1': 256, 'units_2': 256, 'units_3': 256, 'units_4': 1024}",0.6785714030265808,0.6785714030265808,0.7247899174690247,0.7478991746902466,0.7289915680885315,0.7117646932601929,0.028198267547230958,194
10.787647819519043,0.7784814003376576,1.2175320148468018,0.1523145708594756,0.7,128,256,1024,512,"{'dropout_rate': 0.7, 'units_1': 128, 'units_2': 256, 'units_3': 1024, 'units_4': 512}",0.7121848464012146,0.743697464466095,0.6428571343421936,0.7226890921592712,0.7352941036224365,0.7113445281982422,0.03588933833742986,195
17.049908351898193,1.5688596802288912,2.023217868804932,0.5795341913647707,0.7,64,256,1024,2048,"{'dropout_rate': 0.7, 'units_1': 64, 'units_2': 256, 'units_3': 1024, 'units_4': 2048}",0.674369752407074,0.7373949289321899,0.7268907427787781,0.7100840210914612,0.6890756487846375,0.7075630187988281,0.02329564342449086,196
13.301820135116577,0.7296105940899044,1.7315616130828857,0.3269813555485684,0.7,256,512,256,1024,"{'dropout_rate': 0.7, 'units_1': 256, 'units_2': 512, 'units_3': 256, 'units_4': 1024}",0.6176470518112183,0.75,0.680672287940979,0.7394958138465881,0.7457982897758484,0.7067226886749267,0.05116052867498063,197
9.455658340454102,0.9979753595490406,1.0118477821350098,0.056677076515361385,0.7,128,256,256,512,"{'dropout_rate': 0.7, 'units_1': 128, 'units_2': 256, 'units_3': 256, 'units_4': 512}",0.6890756487846375,0.6890756487846375,0.6911764740943909,0.7478991746902466,0.7100840210914612,0.7054621934890747,0.02264234147423576,198
13.968567180633546,1.877894722328205,1.7877476215362549,0.20196850587962437,0.7,256,256,512,1024,"{'dropout_rate': 0.7, 'units_1': 256, 'units_2': 256, 'units_3': 512, 'units_4': 1024}",0.6323529481887817,0.7184873819351196,0.7605041861534119,0.6785714030265808,0.7352941036224365,0.7050420045852661,0.04506975242714929,199
12.968740558624267,2.5995859620336894,1.4322924137115478,0.4388007763481918,0.7,64,512,1024,512,"{'dropout_rate': 0.7, 'units_1': 64, 'units_2': 512, 'units_3': 1024, 'units_4': 512}",0.6218487620353699,0.7037814855575562,0.7163865566253662,0.7268907427787781,0.7542017102241516,0.7046218514442444,0.04459723029744464,200
14.117931222915649,3.1864701824539114,1.9565324306488037,0.7453865591430714,0.7,256,512,512,512,"{'dropout_rate': 0.7, 'units_1': 256, 'units_2': 512, 'units_3': 512, 'units_4': 512}",0.6638655662536621,0.7058823704719543,0.7605041861534119,0.7142857313156128,0.6764705777168274,0.7042016863822937,0.03367640454843865,201
15.526688480377198,1.9348831601498726,1.5087067127227782,0.6654527317624034,0.7,64,512,512,2048,"{'dropout_rate': 0.7, 'units_1': 64, 'units_2': 512, 'units_3': 512, 'units_4': 2048}",0.6197478771209717,0.7521008253097534,0.6995798349380493,0.7100840210914612,0.7373949289321899,0.7037814974784851,0.04600792396651909,202
11.064737939834595,1.0294531665966171,1.0710671901702882,0.06737790448050705,0.7,128,128,256,2048,"{'dropout_rate': 0.7, 'units_1': 128, 'units_2': 128, 'units_3': 256, 'units_4': 2048}",0.7142857313156128,0.6785714030265808,0.720588207244873,0.6890756487846375,0.7037814855575562,0.7012604951858521,0.015574581901032022,203
17.5629159450531,1.6358222186228912,2.1256587505340576,0.33725880091562144,0.7,64,512,1024,1024,"{'dropout_rate': 0.7, 'units_1': 64, 'units_2': 512, 'units_3': 1024, 'units_4': 1024}",0.7247899174690247,0.7352941036224365,0.6848739385604858,0.6722689270973206,0.6869747638702393,0.7008403301239013,0.02459329136284269,204
9.901510906219482,1.3220057453731069,1.4476448059082032,0.27811544954764383,0.7,128,128,512,1024,"{'dropout_rate': 0.7, 'units_1': 128, 'units_2': 128, 'units_3': 512, 'units_4': 1024}",0.7058823704719543,0.720588207244873,0.6764705777168274,0.7163865566253662,0.680672287940979,0.7,0.0181889524952911,205
7.398503971099854,1.9605750644186641,0.9346363067626953,0.3027673760318873,0.7,128,512,256,512,"{'dropout_rate': 0.7, 'units_1': 128, 'units_2': 512, 'units_3': 256, 'units_4': 512}",0.6575630307197571,0.6848739385604858,0.7331932783126831,0.7058823704719543,0.7100840210914612,0.6983193278312683,0.025509426847955975,206
10.957957553863526,0.6372316886871202,1.8163601398468017,0.9822037713619798,0.7,64,256,1024,512,"{'dropout_rate': 0.7, 'units_1': 64, 'units_2': 256, 'units_3': 1024, 'units_4': 512}",0.6764705777168274,0.7394958138465881,0.6995798349380493,0.6617646813392639,0.7100840210914612,0.697478985786438,0.027002144634082847,207
11.60229754447937,0.9669378437156207,1.9807085990905762,0.2317782572141718,0.7,256,256,512,512,"{'dropout_rate': 0.7, 'units_1': 256, 'units_2': 256, 'units_3': 512, 'units_4': 512}",0.7079831957817078,0.6890756487846375,0.7289915680885315,0.6155462265014648,0.743697464466095,0.6970588207244873,0.0447710608894889,208
11.173897171020508,0.49138953785090705,1.3397368907928466,0.4917606445951496,0.7,64,256,256,2048,"{'dropout_rate': 0.7, 'units_1': 64, 'units_2': 256, 'units_3': 256, 'units_4': 2048}",0.7079831957817078,0.6785714030265808,0.6890756487846375,0.7310924530029297,0.6596638560295105,0.6932773113250732,0.024535810814653777,209
14.81596269607544,2.692280387425366,1.8231237411499024,0.7367691213411043,0.7,64,256,512,2048,"{'dropout_rate': 0.7, 'units_1': 64, 'units_2': 256, 'units_3': 512, 'units_4': 2048}",0.6554622054100037,0.720588207244873,0.7121848464012146,0.7163865566253662,0.6617646813392639,0.6932772994041443,0.028497176073907796,210
11.274440479278564,0.6256395170984538,1.917173194885254,0.5633056238320274,0.7,128,512,512,512,"{'dropout_rate': 0.7, 'units_1': 128, 'units_2': 512, 'units_3': 512, 'units_4': 512}",0.6974790096282959,0.7289915680885315,0.6008403301239014,0.7079831957817078,0.7184873819351196,0.6907562971115112,0.04616880122522964,211
10.107479238510132,1.4549122911050685,1.3122673034667969,0.241465246894515,0.7,64,512,512,512,"{'dropout_rate': 0.7, 'units_1': 64, 'units_2': 512, 'units_3': 512, 'units_4': 512}",0.644957959651947,0.7521008253097534,0.7037814855575562,0.6386554837226868,0.7100840210914612,0.6899159550666809,0.04269618058852742,212
23.73972120285034,4.14433850092978,1.381351613998413,0.27426585458571684,0.7,64,128,1024,2048,"{'dropout_rate': 0.7, 'units_1': 64, 'units_2': 128, 'units_3': 1024, 'units_4': 2048}",0.7142857313156128,0.7016806602478027,0.7163865566253662,0.6281512379646301,0.674369752407074,0.6869747877120972,0.033003937335087705,213
8.172809982299805,1.2763608958574522,1.4019282817840577,0.15002295741308838,0.7,128,128,256,1024,"{'dropout_rate': 0.7, 'units_1': 128, 'units_2': 128, 'units_3': 256, 'units_4': 1024}",0.651260495185852,0.6827731132507324,0.6890756487846375,0.6911764740943909,0.720588207244873,0.6869747877120972,0.022113771805448112,213
15.792736721038818,2.607315553696026,1.9870355129241943,0.40500405870898365,0.7,128,128,1024,1024,"{'dropout_rate': 0.7, 'units_1': 128, 'units_2': 128, 'units_3': 1024, 'units_4': 1024}",0.5798319578170776,0.743697464466095,0.6785714030265808,0.7016806602478027,0.7268907427787781,0.6861344456672669,0.05757374438471853,215
8.991400098800659,1.2706647228567673,1.2921310901641845,0.40821252052319584,0.7,128,256,512,512,"{'dropout_rate': 0.7, 'units_1': 128, 'units_2': 256, 'units_3': 512, 'units_4': 512}",0.6176470518112183,0.7184873819351196,0.6911764740943909,0.7058823704719543,0.6785714030265808,0.6823529362678528,0.035038089943352606,216
10.411779737472534,1.1747516008162566,1.349284791946411,0.13265873650766496,0.7,128,256,256,2048,"{'dropout_rate': 0.7, 'units_1': 128, 'units_2': 256, 'units_3': 256, 'units_4': 2048}",0.6260504126548767,0.6827731132507324,0.7521008253097534,0.6386554837226868,0.7100840210914612,0.6819327712059021,0.04628718282791195,217
15.99013991355896,2.707250835897047,1.9025359630584717,0.49488981561012796,0.7,64,128,512,2048,"{'dropout_rate': 0.7, 'units_1': 64, 'units_2': 128, 'units_3': 512, 'units_4': 2048}",0.644957959651947,0.6344537734985352,0.6995798349380493,0.7247899174690247,0.6974790096282959,0.6802520990371704,0.034632666635198504,218
11.1593909740448,0.5317998773896814,1.7711149215698243,0.4100996233464078,0.7,64,512,512,1024,"{'dropout_rate': 0.7, 'units_1': 64, 'units_2': 512, 'units_3': 512, 'units_4': 1024}",0.7142857313156128,0.720588207244873,0.6008403301239014,0.7079831957817078,0.6428571343421936,0.6773109197616577,0.0473617213092643,219
7.574742603302002,0.6751067876585658,1.2318344116210938,0.2308091971440102,0.7,64,256,256,1024,"{'dropout_rate': 0.7, 'units_1': 64, 'units_2': 256, 'units_3': 256, 'units_4': 1024}",0.6827731132507324,0.6470588445663452,0.7079831957817078,0.6155462265014648,0.7268907427787781,0.6760504245758057,0.04037549769588477,220
14.808584070205688,1.373800045581795,1.4554937839508058,0.29973574989955215,0.7,64,256,1024,1024,"{'dropout_rate': 0.7, 'units_1': 64, 'units_2': 256, 'units_3': 1024, 'units_4': 1024}",0.6764705777168274,0.5924369692802429,0.75,0.6722689270973206,0.6827731132507324,0.6747899174690246,0.05002294676628345,221
13.087304306030273,2.3752146387678303,1.5077818870544433,0.3232922665428224,0.7,256,256,256,512,"{'dropout_rate': 0.7, 'units_1': 256, 'units_2': 256, 'units_3': 256, 'units_4': 512}",0.7142857313156128,0.680672287940979,0.5798319578170776,0.7016806602478027,0.6911764740943909,0.6735294222831726,0.048156459046938695,222
11.18282175064087,1.6560238936784593,1.2430037975311279,0.13670157757828125,0.7,64,512,256,2048,"{'dropout_rate': 0.7, 'units_1': 64, 'units_2': 512, 'units_3': 256, 'units_4': 2048}",0.5777310729026794,0.651260495185852,0.7016806602478027,0.7016806602478027,0.7310924530029297,0.6726890683174134,0.053978115542653284,223
10.061770296096801,1.147715006512172,1.749469804763794,0.2808221759500382,0.7,128,128,1024,512,"{'dropout_rate': 0.7, 'units_1': 128, 'units_2': 128, 'units_3': 1024, 'units_4': 512}",0.6995798349380493,0.6701680421829224,0.5714285969734192,0.6596638560295105,0.7478991746902466,0.6697479009628295,0.05790702183283757,224
11.536624383926391,1.444321353814058,1.7509859085083008,0.32808965138741547,0.7,64,128,1024,1024,"{'dropout_rate': 0.7, 'units_1': 64, 'units_2': 128, 'units_3': 1024, 'units_4': 1024}",0.6218487620353699,0.7100840210914612,0.6974790096282959,0.674369752407074,0.6323529481887817,0.6672268986701966,0.03486634831979975,225
10.106857872009277,1.840931744078659,1.3396650791168212,0.12579512297533604,0.7,64,512,256,1024,"{'dropout_rate': 0.7, 'units_1': 64, 'units_2': 512, 'units_3': 256, 'units_4': 1024}",0.6281512379646301,0.7100840210914612,0.5609243512153625,0.7121848464012146,0.7247899174690247,0.6672268748283386,0.06324332374980207,226
10.428777647018432,1.5726041483792654,1.3482783794403077,0.18658897305277525,0.7,64,128,256,2048,"{'dropout_rate': 0.7, 'units_1': 64, 'units_2': 128, 'units_3': 256, 'units_4': 2048}",0.7037814855575562,0.7100840210914612,0.6575630307197571,0.6365545988082886,0.6281512379646301,0.6672268748283386,0.03386460791709487,226
11.122645568847656,1.9670564968455346,1.5823795795440674,0.2882223776881805,0.7,64,512,256,512,"{'dropout_rate': 0.7, 'units_1': 64, 'units_2': 512, 'units_3': 256, 'units_4': 512}",0.47478991746902466,0.7142857313156128,0.6995798349380493,0.6659663915634155,0.756302535533905,0.6621848821640015,0.09808382767563571,228
11.558158493041992,1.1212434976853354,1.5098166465759277,0.27363224209355286,0.7,64,256,512,1024,"{'dropout_rate': 0.7, 'units_1': 64, 'units_2': 256, 'units_3': 512, 'units_4': 1024}",0.6533613204956055,0.674369752407074,0.6302521228790283,0.6638655662536621,0.6827731132507324,0.6609243750572205,0.018247098324759396,229
9.824914598464966,1.6274794378032202,1.5504765033721923,0.4347275049033832,0.7,64,256,512,512,"{'dropout_rate': 0.7, 'units_1': 64, 'units_2': 256, 'units_3': 512, 'units_4': 512}",0.6722689270973206,0.6974790096282959,0.5546218752861023,0.6995798349380493,0.6533613204956055,0.6554621934890748,0.05323049663996638,230
10.552174615859986,1.654100907787041,1.2618303298950195,0.4193220984868139,0.7,64,128,1024,512,"{'dropout_rate': 0.7, 'units_1': 64, 'units_2': 128, 'units_3': 1024, 'units_4': 512}",0.6764705777168274,0.5735294222831726,0.6239495873451233,0.6911764740943909,0.6911764740943909,0.651260507106781,0.04606544124907121,231
12.040091800689698,0.5465308233608887,1.4964684963226318,0.36268563273256127,0.7,256,128,512,512,"{'dropout_rate': 0.7, 'units_1': 256, 'units_2': 128, 'units_3': 512, 'units_4': 512}",0.6617646813392639,0.6155462265014648,0.6638655662536621,0.6701680421829224,0.644957959651947,0.651260495185852,0.01970762298519652,232
7.201708459854126,0.2981255682895107,1.2079993724822997,0.3573056421404587,0.7,128,128,512,512,"{'dropout_rate': 0.7, 'units_1': 128, 'units_2': 128, 'units_3': 512, 'units_4': 512}",0.6533613204956055,0.668067216873169,0.680672287940979,0.6134454011917114,0.6365545988082886,0.6504201650619507,0.023641687174967913,233
12.038248443603516,1.4614751083628468,1.8225520610809327,0.29321198287878114,0.7,64,128,512,1024,"{'dropout_rate': 0.7, 'units_1': 64, 'units_2': 128, 'units_3': 512, 'units_4': 1024}",0.605042040348053,0.6533613204956055,0.6638655662536621,0.7100840210914612,0.605042040348053,0.6474789977073669,0.03955831392479439,234
8.560867977142333,1.0064417686596947,0.9925793647766114,0.14332963484143452,0.7,64,128,256,1024,"{'dropout_rate': 0.7, 'units_1': 64, 'units_2': 128, 'units_3': 256, 'units_4': 1024}",0.6365545988082886,0.6890756487846375,0.6911764740943909,0.6260504126548767,0.5861344337463379,0.6457983136177063,0.0399181903513155,235
10.387819814682008,1.937102665338269,1.601665735244751,0.17182378749398317,0.7,256,128,256,1024,"{'dropout_rate': 0.7, 'units_1': 256, 'units_2': 128, 'units_3': 256, 'units_4': 1024}",0.575630247592926,0.5966386795043945,0.7016806602478027,0.6218487620353699,0.7289915680885315,0.644957983493805,0.05992367081138413,236
10.41055736541748,0.2506633190709836,1.3844561576843262,0.4561085993316969,0.7,128,256,512,1024,"{'dropout_rate': 0.7, 'units_1': 128, 'units_2': 256, 'units_3': 512, 'units_4': 1024}",0.6764705777168274,0.6176470518112183,0.5567227005958557,0.6596638560295105,0.6722689270973206,0.6365546226501465,0.04501880427626679,237
7.9994025230407715,1.3071551189663493,1.0003355503082276,0.2589575829968168,0.7,128,128,256,512,"{'dropout_rate': 0.7, 'units_1': 128, 'units_2': 128, 'units_3': 256, 'units_4': 512}",0.6617646813392639,0.5231092572212219,0.7058823704719543,0.5525209903717041,0.6995798349380493,0.6285714268684387,0.07619305254136162,238
8.500032806396485,1.5309448998736614,1.2041016101837159,0.13868507487205792,0.7,128,256,256,1024,"{'dropout_rate': 0.7, 'units_1': 128, 'units_2': 256, 'units_3': 256, 'units_4': 1024}",0.6974790096282959,0.6953781247138977,0.5945377945899963,0.5714285969734192,0.581932783126831,0.6281512618064881,0.05623035011442944,239
11.038022661209107,3.629120052178124,1.4406606674194335,0.6520229433736322,0.7,64,256,256,512,"{'dropout_rate': 0.7, 'units_1': 64, 'units_2': 256, 'units_3': 256, 'units_4': 512}",0.668067216873169,0.674369752407074,0.6344537734985352,0.5609243512153625,0.5735294222831726,0.6222689032554627,0.047115063718165616,240
9.51236662864685,2.4451438005644794,1.2039030551910401,0.2201655215847227,0.7,64,128,256,512,"{'dropout_rate': 0.7, 'units_1': 64, 'units_2': 128, 'units_3': 256, 'units_4': 512}",0.506302535533905,0.6092436909675598,0.6953781247138977,0.5924369692802429,0.6638655662536621,0.6134453773498535,0.06510570861328187,241
13.855323791503906,5.369280180715049,1.3309025764465332,0.33366329663965116,0.7,256,128,256,512,"{'dropout_rate': 0.7, 'units_1': 256, 'units_2': 128, 'units_3': 256, 'units_4': 512}",0.4600840210914612,0.7268907427787781,0.6785714030265808,0.644957959651947,0.5210084319114685,0.6063025116920471,0.09991344737067114,242
7.369308233261108,0.5111564246540211,1.2033915519714355,0.5582757137048292,0.7,64,128,512,512,"{'dropout_rate': 0.7, 'units_1': 64, 'units_2': 128, 'units_3': 512, 'units_4': 512}",0.4852941036224365,0.680672287940979,0.5231092572212219,0.6932772994041443,0.6260504126548767,0.6016806721687317,0.08359761039576522,243
