num_hidden_layers,activation_function,dropout_rate,units_1,units_2,units_3,units_4,best_val_accuracy,val_accuracy_std,best_val_loss,val_loss_std,best_train_accuracy,train_accuracy_std,best_train_loss,train_loss_std,delta_acc
2,LeakyReLU,0.3,64,128,256,512,0.6130495667457581,0.010747448629459009,1.0398879051208496,0.02249187433954969,0.6222318410873413,0.015086267428932237,1.0000909566879272,0.019612768693128207,0.014978029248638707
2,LeakyReLU,0.3,64,128,256,1024,0.6054525176684061,0.014144330389854168,1.0462052424748738,0.013187198333735108,0.6238145430882772,0.009568646967936939,1.0094271302223206,0.027665907224616815,0.030327771186059532
2,LeakyReLU,0.3,64,128,512,512,0.6187523802121481,0.017845522108584432,1.0319611231486003,0.04121570165450786,0.6184298793474833,0.008800952345770281,0.9990344246228536,0.027244895795263496,-0.0005212115136497956
2,LeakyReLU,0.3,64,128,512,1024,0.6114709973335266,0.02299214037387564,1.026147445042928,0.022235050022729217,0.6255553166071574,0.007644384393297198,0.984481155872345,0.021609526553473594,0.023033503363281277
2,LeakyReLU,0.3,64,128,1024,512,0.6257151166598002,0.019886416997342966,1.0018377900123596,0.01893007125221165,0.6353726784388224,0.010821058719171373,0.9724351565043131,0.01990057612729617,0.015434438967331215
2,LeakyReLU,0.3,64,128,1024,1024,0.6174849470456442,0.012754427529567326,1.0197726488113403,0.024010424766321082,0.6386952996253967,0.007376111186705168,0.9681794047355652,0.01647125281851841,0.03434958646560288
2,LeakyReLU,0.3,64,256,256,512,0.6250868042310079,0.02044723614437881,1.0090642372767131,0.032687199791984985,0.6367971897125244,0.007841129436023945,0.9633471568425497,0.011479930091408278,0.01873401486362009
2,LeakyReLU,0.3,64,256,256,1024,0.6276162465413412,0.01604834887865208,1.0189334154129028,0.03158707034242665,0.6315722068150839,0.015311884688984952,0.9837134083112081,0.020029736579928993,0.006303151480770497
2,LeakyReLU,0.3,64,256,512,512,0.6288836797078451,0.012279551147729856,1.0159255464871724,0.03103710780755424,0.6345794002215067,0.009076420647258875,0.9686327576637268,0.013417493302341437,0.009056874422798886
2,LeakyReLU,0.3,64,256,512,1024,0.6247681578000387,0.013301043333903941,1.0071980555852253,0.02179189738284915,0.6341057817141215,0.010015240118046,0.9751460353533427,0.01538921596339433,0.014945742348590276
2,LeakyReLU,0.3,64,256,1024,512,0.6254015763600668,0.014244692979699169,1.0190272331237793,0.00963761198855116,0.6344245870908102,0.020151807803158537,0.9776731530825297,0.03015904753349,0.014427547150198623
2,LeakyReLU,0.3,64,256,1024,1024,0.6257183949152628,0.017145502596278048,1.0112983187039692,0.026835168885013878,0.6410718758900961,0.007897129704025518,0.9656978646914164,0.017594755972210496,0.024537365529924162
2,LeakyReLU,0.3,64,512,256,512,0.6260343790054321,0.014256880830993168,0.9983820915222168,0.0202117824621337,0.6431286732355753,0.0005175090924889528,0.9523510932922363,0.017762277495362386,0.02730567969334295
2,LeakyReLU,0.3,64,512,256,1024,0.6295173764228821,0.0134530121993752,1.0035757422447205,0.028002121124933367,0.6418644785881042,0.012924916740946379,0.9494608441988627,0.01030468333328557,0.019613600239889055
2,LeakyReLU,0.3,64,512,512,512,0.6298336386680603,0.01317737447181133,0.9960139195124308,0.025068523953155238,0.6398051381111145,0.009414600652402438,0.9527581532796224,0.02440270266474127,0.015831957569210516
2,LeakyReLU,0.3,64,512,512,1024,0.6307838956514994,0.013946032926379723,1.0040807525316875,0.025031078141177984,0.6383810242017111,0.011757738367245854,0.9564453562100729,0.03094978771054752,0.012043948177156675
2,LeakyReLU,0.3,64,512,1024,512,0.6311001578966776,0.010255776150093916,1.0021964112917583,0.0172702989018179,0.6413888136545817,0.010983270798957612,0.9514111479123434,0.025121416355978723,0.016302730444869403
2,LeakyReLU,0.3,64,512,1024,1024,0.6254006624221802,0.01265846115649927,1.0253567298253377,0.017904820366049963,0.6252420544624329,0.020803168167550845,0.9849037925402323,0.03679580521705834,-0.00025361015630048257
2,LeakyReLU,0.3,128,128,256,512,0.6235010226567587,0.01690181382611045,1.0046579837799072,0.03400694162395303,0.6372713446617126,0.005483234170066308,0.9656354983647665,0.005080022257062421,0.022085484232693287
2,LeakyReLU,0.3,128,128,256,1024,0.6288824677467346,0.014259223717969685,1.0082199374834697,0.009412254629141378,0.634105404218038,0.0072423154647588105,0.9682384729385376,0.02351403412579174,0.008305107455160823
2,LeakyReLU,0.3,128,128,512,512,0.6273033022880554,0.01748585973834351,1.0021276275316875,0.02888657508455089,0.6371132731437683,0.011733863923000614,0.9583370685577393,0.012371288613973758,0.01563832171763092
2,LeakyReLU,0.3,128,128,512,1024,0.6285656094551086,0.010885198960133178,1.0005173881848652,0.028148064262136487,0.6380624175071716,0.006596589299084766,0.9597986539204916,0.010761390352378402,0.01510869813621459
2,LeakyReLU,0.3,128,128,1024,512,0.6311010718345642,0.014628719581649545,1.0004695653915405,0.03524037936658679,0.6372710267702738,0.003037512957316876,0.9548552433649699,0.00909511746434214,0.009776492563661783
2,LeakyReLU,0.3,128,128,1024,1024,0.6247672637303671,0.013592278839032128,1.007483959197998,0.022677198141125787,0.629356304804484,0.010281310908440762,0.9698818723360697,0.029317719091223573,0.007345200910042334
2,LeakyReLU,0.3,128,256,256,512,0.63078240553538,0.015589122628356364,0.9976881742477417,0.024710852902305378,0.6366388996442159,0.00887107008124774,0.9585644602775574,0.0250355256579152,0.009284491858749926
2,LeakyReLU,0.3,128,256,256,1024,0.6288842757542928,0.01519688183044309,1.010764479637146,0.025271199453650285,0.637431263923645,0.011226139720935337,0.9669526616732279,0.029673853251742103,0.013590716923397068
2,LeakyReLU,0.3,128,256,512,512,0.6273008982340494,0.019294814931014693,0.9965817530949911,0.03467358573340419,0.6428126295407613,0.005380640865759697,0.9388161698977152,0.009053823745701975,0.024727736482411975
2,LeakyReLU,0.3,128,256,512,1024,0.6295165022214254,0.013675187200003311,0.9920216798782349,0.022665927923216048,0.6439219315846761,0.011247392869497674,0.9378388126691183,0.02173187408026983,0.02288332285558383
2,LeakyReLU,0.3,128,256,1024,512,0.6355319420496622,0.014927061908829397,0.9923555652300516,0.027796630075055614,0.6470884879430135,0.010484918839068495,0.9314352869987488,0.013471231646947631,0.018184052018030986
2,LeakyReLU,0.3,128,256,1024,1024,0.6311019857724508,0.018331800592668798,0.9984380801518759,0.015314013698639774,0.6480370958646139,0.011938220332493062,0.940529982248942,0.016228535616642524,0.02683418920229667
2,LeakyReLU,0.3,128,512,256,512,0.634581983089447,0.011646067727454851,1.0105762481689453,0.003619209078481885,0.6363242864608765,0.017777067286028476,0.9632258812586466,0.053366393146943324,0.0027455922447515474
2,LeakyReLU,0.3,128,512,256,1024,0.6254003643989563,0.012305499422457669,1.0094403227170308,0.02247334782024235,0.6375885605812073,0.0071691474753671275,0.9525658289591471,0.01624786567424622,0.019488629805907605
2,LeakyReLU,0.3,128,512,512,512,0.6301513910293579,0.016802680248313655,0.9986596902211508,0.03093404033459703,0.6493043502171835,0.0069114869249213805,0.9344881971677145,0.01646345607317356,0.030394218691700465
2,LeakyReLU,0.3,128,512,512,1024,0.63268115123113,0.013012282235129888,1.0005173285802205,0.02903646313962607,0.6475622455279032,0.0023451107610601655,0.9378358721733093,0.0194676403972887,0.02352068536863502
2,LeakyReLU,0.3,128,512,1024,512,0.6367993950843811,0.012252725470414366,0.9948052565256754,0.027381536392720715,0.6521541277567545,0.0038448375118856335,0.934217651685079,0.017900128927881703,0.024112354362928988
2,LeakyReLU,0.3,128,512,1024,1024,0.6273023883501688,0.018160264977625348,0.9930168986320496,0.02169818126487937,0.6505699753761292,0.0001968471406036571,0.9246033827463785,0.010372304100785719,0.03709150077868353
2,LeakyReLU,0.3,256,128,256,512,0.6266707976659139,0.020505292460301985,1.005549152692159,0.04755885929472862,0.6363218824068705,0.006422667494179719,0.9667347073554993,0.00537647131796935,0.01540056561898655
2,LeakyReLU,0.3,256,128,256,1024,0.6279352108637491,0.020131857469382675,1.012429674466451,0.01531337423389853,0.6322068174680074,0.014317402270711002,0.9623895486195883,0.03772004447496329,0.006802623153402297
2,LeakyReLU,0.3,256,128,512,512,0.6276174585024515,0.012669748966092246,1.008479913075765,0.03773025375626457,0.6388550202051798,0.009259427994515353,0.9617453217506409,0.011948062178412825,0.017905113298699572
2,LeakyReLU,0.3,256,128,512,1024,0.6292011340459188,0.01507334716058995,1.0001880129178364,0.036939330500300675,0.6394874652226766,0.00687185185242622,0.9497546156247457,0.009507127297666349,0.016348240046253827
2,LeakyReLU,0.3,256,128,1024,512,0.6298327445983887,0.01431526133292792,0.9951262275377909,0.023828220903195092,0.6401220560073853,0.00904465112643923,0.9378661314646403,0.01808611636829916,0.01633657744415549
2,LeakyReLU,0.3,256,128,1024,1024,0.6377499500910441,0.011157134355789312,0.9879522522290548,0.02850222454979165,0.648037850856781,0.004992387103618322,0.9336927135785421,0.017118221596058598,0.016131558715556545
2,LeakyReLU,0.3,256,256,256,512,0.6355355580647787,0.019517825085718785,1.0010273059209187,0.04257255038622671,0.6450286706288656,0.004725596697903537,0.9394089976946512,0.007210482247113218,0.014937185565184856
2,LeakyReLU,0.3,256,256,256,1024,0.6320477326711019,0.01622288347949721,0.9968881011009216,0.019665046714778027,0.6478806932767233,0.013565636822200718,0.9334768056869507,0.0173853811853154,0.025050260901513778
2,LeakyReLU,0.3,256,256,512,512,0.633317252000173,0.017632100343543948,0.9848047296206156,0.024047361211257084,0.6477224032084147,0.011011246187420696,0.9272425969441732,0.02583890058514605,0.022745553137462567
2,LeakyReLU,0.3,256,256,512,1024,0.6339509884516398,0.014629768208750333,0.9908585747083029,0.03035371090887327,0.6496197183926901,0.0028411628912261766,0.9250673850377401,0.015088227137079092,0.024715995757526227
2,LeakyReLU,0.3,256,256,1024,512,0.6352168917655945,0.01572827991413835,0.9847812652587891,0.026103165069140802,0.6480394999186198,0.01764501523680204,0.9228530327479044,0.023895432653015268,0.020186188873826463
2,LeakyReLU,0.3,256,256,1024,1024,0.6383842825889587,0.014608621665951513,0.9799432953198751,0.027996146431646753,0.6507299145062765,0.009378383870701041,0.9217702945073446,0.020559649653333404,0.019338871983580492
2,LeakyReLU,0.3,256,512,256,512,0.6314158240954081,0.01280593924090964,0.9936651984850565,0.028606178814117866,0.6437638203303019,0.011882607058856081,0.9285236994425455,0.026566180805820263,0.019556044944841283
2,LeakyReLU,0.3,256,512,256,1024,0.633631428082784,0.009599632422772807,0.9915464917818705,0.030980751151598436,0.653895636399587,0.004469085415971215,0.9376893838246664,0.014303325217485,0.03198106567743584
2,LeakyReLU,0.3,256,512,512,512,0.6298351486523946,0.01615598592395889,0.9886920054753622,0.022643555668912452,0.656590481599172,0.01874779858029106,0.9161157409350077,0.03495751378915081,0.04247989811941026
2,LeakyReLU,0.3,256,512,512,1024,0.6361680825551351,0.01465360535669393,0.9936215281486511,0.03528420784418282,0.6505709489186605,0.008252307919869863,0.9155875643094381,0.016006654958532103,0.022640032970024284
2,LeakyReLU,0.3,256,512,1024,512,0.6383812427520752,0.009600902876210519,0.9877356092135111,0.01253449298312208,0.6489925583203634,0.026255480643702825,0.9307519594828287,0.06673577112219944,0.016622223301146186
2,LeakyReLU,0.3,256,512,1024,1024,0.6339482665061951,0.012455754441030295,0.9849843581517538,0.025417577679753407,0.6556387941042582,0.010378446616956421,0.9094085295995077,0.01943786872399028,0.03421498053398518
2,LeakyReLU,0.5,64,128,256,512,0.6032366156578064,0.017301508961949656,1.082746148109436,0.014840740815626963,0.6120981574058533,0.00911535973177827,1.068220575650533,0.008171135903465337,0.014689993143708134
2,LeakyReLU,0.5,64,128,256,1024,0.5940538048744202,0.015516193573515077,1.1134636004765828,0.005106655909340751,0.6041815479596456,0.011669933523951837,1.1046152114868164,0.02879946027702913,0.01704852826818677
2,LeakyReLU,0.5,64,128,512,512,0.605135977268219,0.013797336785355154,1.0717626810073853,0.020494196134997,0.6124152342478434,0.011946516616229244,1.04813547929128,0.021441204959104124,0.012029126102343694
2,LeakyReLU,0.5,64,128,512,1024,0.5953197280565897,0.02113538949167326,1.0944252014160156,0.009992965064399667,0.6132064859072367,0.008795229266442385,1.0713324944178264,0.017042328505228722,0.030045632636831916
2,LeakyReLU,0.5,64,128,1024,512,0.607668419679006,0.013096884020867844,1.0620174407958984,0.025826333714060873,0.6101964910825094,0.003750099993296448,1.047179102897644,0.0034149494753548284,0.0041602810375415645
2,LeakyReLU,0.5,64,128,1024,1024,0.6111496090888977,0.009210418957249967,1.0565918286641438,0.0018678740282364924,0.6227054794629415,0.007737934545743182,1.0275229612986247,0.018001549971714832,0.01890841489904791
2,LeakyReLU,0.5,64,256,256,512,0.6089367469151815,0.016768220436721493,1.0652562379837036,0.010674110835230283,0.6151066223780314,0.0120554533918328,1.0468769470850627,0.027164846604560478,0.010132210765906135
2,LeakyReLU,0.5,64,256,256,1024,0.6045004526774088,0.01457411441402129,1.0667532682418823,0.017861271453213885,0.620964507261912,0.009621417248421072,1.0404794613520305,0.014818234329803991,0.027235801911449028
2,LeakyReLU,0.5,64,256,512,512,0.6149513324101766,0.01343001200197265,1.0568841298421223,0.03519042082212776,0.6192208131154379,0.0018355097340322442,1.0283934275309246,0.018660612585938558,0.006942794462332279
2,LeakyReLU,0.5,64,256,512,1024,0.6117836435635885,0.01381102600133842,1.0571142037709553,0.027038216368880496,0.6165302991867065,0.015041945860846435,1.0370071530342102,0.02961248293712924,0.007758716129560402
2,LeakyReLU,0.5,64,256,1024,512,0.6203348636627197,0.020450837510010606,1.0369792381922405,0.016609243466230796,0.6247648000717163,0.01032796751065831,1.0081041653951008,0.024970312948172188,0.007141201741975876
2,LeakyReLU,0.5,64,256,1024,1024,0.6184340119361877,0.018326848061020914,1.033729116121928,0.024790603348085992,0.6258720954259237,0.007149649799690712,1.0045818090438843,0.010779123031843564,0.012027287222526575
2,LeakyReLU,0.5,64,512,256,512,0.6206505099932352,0.013757187500833752,1.041070818901062,0.022255853240720148,0.6280877391497294,0.0016075336011755082,1.0149080952008565,0.011152603843392816,0.01198295826192941
2,LeakyReLU,0.5,64,512,256,1024,0.6143224040667216,0.021830852219261575,1.0559577941894531,0.01888232952120722,0.6228627761205038,0.001091060947149202,1.0193576614061992,0.014556633929230008,0.013902100911909196
2,LeakyReLU,0.5,64,512,512,512,0.611782431602478,0.0156760139945777,1.0452131430308025,0.0034024291776382433,0.6293562451998392,0.00997226234010927,1.0032390554745991,0.020161875698477487,0.028725593756148044
2,LeakyReLU,0.5,64,512,512,1024,0.6178018053372701,0.013189531607260116,1.0367113749186199,0.019929573354393975,0.6274537444114685,0.0018186657791039926,1.007676939169566,0.007288801064027306,0.015623034751297279
2,LeakyReLU,0.5,64,512,1024,512,0.6238160729408264,0.009580623083454642,1.0332450071970622,0.009399324367006346,0.6295132438341776,0.007030595036932475,0.9925952752431234,0.01961406523079352,0.009132773489617378
2,LeakyReLU,0.5,64,512,1024,1024,0.6197011470794678,0.01579736527028575,1.0408822298049927,0.01817309989415199,0.6282474597295126,0.009465103693895263,1.0031065742174785,0.012922169173415678,0.01379102280239745
2,LeakyReLU,0.5,128,128,256,512,0.6026044289271036,0.0258403520662096,1.0608233213424683,0.031219317694025556,0.6200132369995117,0.0032447996713253252,1.0433509747187297,0.0015767477843185815,0.028889279993184386
2,LeakyReLU,0.5,128,128,256,1024,0.6136862834294637,0.019510277587415987,1.0588078101476033,0.014288392381113365,0.6152628858884176,0.001001344839093046,1.0362503131230671,0.021214061778184034,0.002569069085499725
2,LeakyReLU,0.5,128,128,512,512,0.6155868371327718,0.018487511119367247,1.0316109657287598,0.024011313985213098,0.6220722794532776,0.006435802912756024,1.0020904938379924,0.009617351732398848,0.01053538173543977
2,LeakyReLU,0.5,128,128,512,1024,0.6200186014175415,0.017644732642713316,1.0482049783070881,0.004182575478909487,0.6176420847574869,0.01945342841880945,1.020561933517456,0.03626112975089603,-0.00383297638912955
2,LeakyReLU,0.5,128,128,1024,512,0.6190698345502218,0.01741534551505531,1.0409471988677979,0.03235801171686281,0.6279289523760477,0.007775844489591171,1.0177755951881409,0.029473799853759326,0.014310369091497452
2,LeakyReLU,0.5,128,128,1024,1024,0.6181150674819946,0.01274233367013071,1.0314449469248455,0.012851202909918067,0.6282467842102051,0.009926781324691082,0.9932190775871277,0.02019220680742613,0.016391311684867772
2,LeakyReLU,0.5,128,256,256,512,0.623187780380249,0.021591050055618278,1.0322323242823284,0.024640724284764954,0.6238137284914652,0.008452960593011377,1.002269446849823,0.01891223202316807,0.0010044293725307914
2,LeakyReLU,0.5,128,256,256,1024,0.614000141620636,0.00908903272820135,1.026342511177063,0.00993595866248243,0.627930740515391,0.009282577793557767,0.9943075180053711,0.021094361070811946,0.02268826658245646
2,LeakyReLU,0.5,128,256,512,512,0.6200162172317505,0.0167137942539751,1.0182100534439087,0.014142197455160137,0.6355305711428324,0.007887426322224906,0.9798841675122579,0.022480372663103296,0.02502249696040279
2,LeakyReLU,0.5,128,256,512,1024,0.6140010555585226,0.017957246005487794,1.0345317125320435,0.02601813955486779,0.6268218954404196,0.005197497366585307,0.993399421374003,0.02260252373084441,0.020880810815926968
2,LeakyReLU,0.5,128,256,1024,512,0.6235013206799825,0.01764423098053637,1.0268499652544658,0.020635794039101794,0.6282482941945394,0.012587209275977845,0.9825679659843445,0.01472423241129952,0.007613413728426263
2,LeakyReLU,0.5,128,256,1024,1024,0.624450703461965,0.012272223139179937,1.0188028613726299,0.016978056655783974,0.6312551895777384,0.0061465405259636206,0.9829698999722799,0.021362445531078012,0.010896754664618459
2,LeakyReLU,0.5,128,512,256,512,0.6273006002108256,0.013531534901449456,1.014060954252879,0.02314194771572391,0.628563642501831,0.005655643525235907,0.9808059136072794,0.014788165822107513,0.0020134562131472558
2,LeakyReLU,0.5,128,512,256,1024,0.6171677907307943,0.015367936297092438,1.0201708475748699,0.021675594022645617,0.6301469405492147,0.006191943450112918,0.9816641410191854,0.02186920869291894,0.02103018014444933
2,LeakyReLU,0.5,128,512,512,512,0.6203345656394958,0.015193938830734437,1.020585536956787,0.014331793012781174,0.631253977616628,0.004656753343328421,0.9774312376976013,0.020766848550522653,0.017602456129259057
2,LeakyReLU,0.5,128,512,512,1024,0.6193857987721761,0.019777586991171606,1.0412083864212036,0.02034974285241874,0.6277743577957153,0.01675234496807908,1.0022763808568318,0.061156115759011274,0.013543350590485021
2,LeakyReLU,0.5,128,512,1024,512,0.6184322237968445,0.011573413482985864,1.015380084514618,0.022001529339540377,0.6352138717969259,0.007838798314216348,0.974267820517222,0.014370703203515557,0.027135791691207545
2,LeakyReLU,0.5,128,512,1024,1024,0.6250850160916647,0.017223059351954936,1.0116984446843464,0.018341352297294746,0.6315718293190002,0.005570390334854381,0.9699675440788269,0.020413681223425195,0.010377489557971305
2,LeakyReLU,0.5,256,128,256,512,0.6168521444002787,0.013761439582704866,1.0346095164616902,0.018657331642304993,0.6246043046315511,0.009127679511090099,1.0027989149093628,0.023709721973396308,0.012567290722170263
2,LeakyReLU,0.5,256,128,256,1024,0.6184364358584086,0.018896138704509277,1.0206878185272217,0.020437001613211117,0.629039446512858,0.009707136693677525,0.9883909026781718,0.019356415208534157,0.01714486734555373
2,LeakyReLU,0.5,256,128,512,512,0.62065323193868,0.01970345454193553,1.025930921236674,0.015614662119237151,0.627297043800354,0.009963283425197705,0.9909838636716207,0.0243366402195709,0.01070454727339655
2,LeakyReLU,0.5,256,128,512,1024,0.6209676663080851,0.014851917114561915,1.02129727602005,0.015858776310936133,0.6277730862299601,0.011592858455174954,0.9847894708315531,0.029555521136482424,0.010959378871264094
2,LeakyReLU,0.5,256,128,1024,512,0.623502512772878,0.020638406338606658,1.02897044022878,0.015710218354155654,0.627930760383606,0.007538424006220163,0.9958423972129822,0.038321845107890856,0.007102212934209901
2,LeakyReLU,0.5,256,128,1024,1024,0.6260361671447754,0.018480757721794222,1.002034842967987,0.0270293846073124,0.6325223247210184,0.008849789288412123,0.9679044485092163,0.020618352119468476,0.010360675495515061
2,LeakyReLU,0.5,256,256,256,512,0.6187505722045898,0.013756572739454579,1.0175772507985432,0.033884434350209644,0.6336299777030945,0.00498105147521317,0.9757712880770365,0.008529459688706175,0.02404750179945654
2,LeakyReLU,0.5,256,256,256,1024,0.6285686095555624,0.018409112312418544,1.0093478361765544,0.022191325847409037,0.6347392797470093,0.009329011056490245,0.9768949747085571,0.022936179648793638,0.00981701933192298
2,LeakyReLU,0.5,256,256,512,512,0.6203369498252869,0.02181136681622285,1.018612007300059,0.016958962757350638,0.6339470545450846,0.00808758800371044,0.9691630999247233,0.03260794214979077,0.021939858207109725
2,LeakyReLU,0.5,256,256,512,1024,0.6235004266103109,0.01276054085190524,1.0087938507397969,0.0213063938916256,0.639488140741984,0.005747134774504944,0.9595539172490438,0.013801337173998965,0.02564186558554748
2,LeakyReLU,0.5,256,256,1024,512,0.6257172226905823,0.01572543269311126,1.007964293162028,0.017007268668162257,0.6372731328010559,0.01516511361275087,0.9540839989980062,0.018411320728207628,0.018468262805334416
2,LeakyReLU,0.5,256,256,1024,1024,0.6228685180346171,0.016664358422808074,1.0117467045783997,0.02590837637405731,0.6318889061609904,0.008876704852015185,0.9618796507517496,0.018362520182118102,0.014482010031324084
2,LeakyReLU,0.5,256,512,256,512,0.6247681578000387,0.018516538065391105,1.011187473932902,0.023162525708730973,0.635688324769338,0.006797365410125386,0.967990497748057,0.025080021450659015,0.01747875085015839
2,LeakyReLU,0.5,256,512,256,1024,0.6288830836613973,0.012681484358222445,1.011653184890747,0.007804348137562808,0.6334736347198486,0.014690682661439641,0.9679535230000814,0.03560225912433949,0.007299530195222961
2,LeakyReLU,0.5,256,512,512,512,0.6298348506291708,0.014286263853024199,1.0016992489496868,0.022718575504291755,0.641862670580546,0.0036265638454336478,0.9489355285962423,0.01674457734230796,0.019096783766982907
2,LeakyReLU,0.5,256,512,512,1024,0.6292011141777039,0.01603958759883086,1.0072253346443176,0.03270833276036698,0.6375878850618998,0.0036179733256687793,0.9592494169871012,0.01720423974734737,0.013329237179048081
2,LeakyReLU,0.5,256,512,1024,512,0.6260328690210978,0.0162610666759216,1.0136767625808716,0.03592085444574753,0.6386960546175638,0.0030778974545444494,0.9594129721323649,0.006522226225906248,0.0202276689022207
2,LeakyReLU,0.5,256,512,1024,1024,0.6298327445983887,0.010398389966070473,1.0040635267893474,0.02268092586646919,0.6439218521118164,0.00908173684653184,0.9486032128334045,0.022290510609293664,0.022369601508114064
2,LeakyReLU,0.7,64,128,256,512,0.5503474076588949,0.007257685772977668,1.3359761635462444,0.01755533721178429,0.5550991495450338,0.006975314129571584,1.3296740452448528,0.005244497901560888,0.008634076984848893
2,LeakyReLU,0.7,64,128,256,1024,0.5478203892707825,0.01558973269815481,1.3149876991907756,0.023810482845188167,0.5661823550860087,0.00829235402297432,1.3117172718048096,0.013092938031976623,0.03351822271468989
2,LeakyReLU,0.7,64,128,512,512,0.5522449612617493,0.020015111510213335,1.2922135194142659,0.019308069883040516,0.5650745034217834,0.00864253401862982,1.280334194501241,0.011364202013237562,0.023231614699972467
2,LeakyReLU,0.7,64,128,512,1024,0.569353719552358,0.014381968675490478,1.2966823975245159,0.02106975161516855,0.578689455986023,0.009505262249607781,1.2863049109776814,0.02480772659570483,0.016397076392167843
2,LeakyReLU,0.7,64,128,1024,512,0.5737864176432291,0.01501074141005306,1.2479956150054932,0.02416557244143375,0.5835987329483032,0.00829867767802131,1.2357069651285808,0.024134341452074885,0.017100989154426496
2,LeakyReLU,0.7,64,128,1024,1024,0.5759947896003723,0.009812545520179556,1.244079828262329,0.0216766309696756,0.5904082854588827,0.01346693369984326,1.2395871480305989,0.027622635288703193,0.02502365666972529
2,LeakyReLU,0.7,64,256,256,512,0.5820210774739584,0.019731810876827675,1.2514212528864543,0.0073536372714132475,0.5869237780570984,0.007708402691810996,1.2432853778203328,0.017419984588128455,0.008423579098575485
2,LeakyReLU,0.7,64,256,256,1024,0.5782157778739929,0.013730477995139266,1.2670503854751587,0.02541035177804235,0.5774237712224325,0.007303076675082511,1.2651053667068481,0.01534507272878618,-0.0013697423727738985
2,LeakyReLU,0.7,64,256,512,512,0.5810678005218506,0.011804614325089382,1.22440501054128,0.025879067015460243,0.5959486762682596,0.008637310068612337,1.212843418121338,0.008784540108724793,0.025609534262687954
2,LeakyReLU,0.7,64,256,512,1024,0.5801184177398682,0.014974776060811278,1.203715205192566,0.016158819498500447,0.5848645567893982,0.01471846662188311,1.1929276784261067,0.013210373885435231,0.00818132799165541
2,LeakyReLU,0.7,64,256,1024,512,0.601017435391744,0.014248094907983795,1.169399658838908,0.013571018512048033,0.6027554074923197,0.008050057238779494,1.1505265633265178,0.008153301391765667,0.002891716609590333
2,LeakyReLU,0.7,64,256,1024,1024,0.5848637620608012,0.010857202827149665,1.1864474217096965,0.01593777832012283,0.594049354394277,0.012194261167123579,1.1691883405049641,0.021500213960680557,0.015705524823609963
2,LeakyReLU,0.7,64,512,256,512,0.5877235730489095,0.022074667963085333,1.1848536332448323,0.013409526838736785,0.6051310698191324,0.008592110615631747,1.1659313837687175,0.012745069878023547,0.029618510416246788
2,LeakyReLU,0.7,64,512,256,1024,0.5918379227320353,0.017103266446642368,1.2060080369313557,0.002406834704488337,0.5892957448959351,0.008708840812294477,1.1925640503565471,0.011582853499846484,-0.0042953953074940715
2,LeakyReLU,0.7,64,512,512,512,0.5965871413548788,0.02026986495299409,1.159241000811259,0.021454334522511997,0.6016457080841064,0.005713456352974257,1.144649863243103,0.0026629599123003745,0.008479174924453468
2,LeakyReLU,0.7,64,512,512,1024,0.5842402776082357,0.02225556929686386,1.175071398417155,0.030167400498555198,0.5967389543851217,0.002268696207493941,1.1542174816131592,0.025835774746071623,0.021393041965632874
2,LeakyReLU,0.7,64,512,1024,512,0.6010189255078634,0.014209206260518666,1.1474016904830933,0.021502284776672476,0.6008559068044027,0.006539695401400915,1.1303210258483887,0.011122073289672298,-0.0002712372215616037
2,LeakyReLU,0.7,64,512,1024,1024,0.596903125445048,0.016525488713573087,1.1458924611409504,0.013034259900688478,0.6008555293083191,0.00283182177059419,1.1322485208511353,0.0030766193276171513,0.00662151644845924
2,LeakyReLU,0.7,128,128,256,512,0.5741047461827596,0.018456815977969766,1.2672961155573528,0.012529961769638267,0.5788475473721822,0.0033682993573254856,1.2587507168451946,0.027076580400702287,0.008261212297856167
2,LeakyReLU,0.7,128,128,256,1024,0.5728358427683512,0.013925501345245358,1.2939302523930867,0.010094809064042323,0.5790062546730042,0.005446147499649758,1.2828834851582844,0.01608215876746875,0.010771693116885146
2,LeakyReLU,0.7,128,128,512,512,0.5744147102038065,0.008607010572257472,1.2470109065373738,0.004660883569886015,0.5783743460973104,0.00949302020207788,1.236933946609497,0.021163247023491514,0.006893339991413157
2,LeakyReLU,0.7,128,128,512,1024,0.5893006523450216,0.010951077303887504,1.2579948902130127,0.024453104586189454,0.5910399556159973,0.006901112947841679,1.2519067128499348,0.01064349403354652,0.00295147012658895
2,LeakyReLU,0.7,128,128,1024,512,0.5940510829289755,0.015905287197228016,1.1773310899734497,0.02125687232871453,0.598638653755188,0.007858291965016752,1.1662229696909587,0.023763847547078377,0.007722519086394825
2,LeakyReLU,0.7,128,128,1024,1024,0.5930999318758646,0.02016460670962367,1.1752156416575115,0.028203070149611275,0.5957900087038676,0.010279761248198804,1.159479061762492,0.009990590134958255,0.004535621542721675
2,LeakyReLU,0.7,128,256,256,512,0.582646369934082,0.005055751392613071,1.192360758781433,0.009565451542131918,0.5892990628878275,0.015383018316575778,1.1770974000295003,0.024478868853312536,0.011418062991618986
2,LeakyReLU,0.7,128,256,256,1024,0.5851851304372152,0.013654907862016277,1.1968648433685303,0.008401571515576918,0.5954747597376505,0.01608553738966812,1.183736244837443,0.016165346588359386,0.017583545386307946
2,LeakyReLU,0.7,128,256,512,512,0.5978518724441528,0.01689401146887612,1.1545118888219197,0.010818536705541509,0.6006983717282613,0.01630875090096476,1.1431547005971272,0.01372631105618254,0.00476121162332634
2,LeakyReLU,0.7,128,256,512,1024,0.5956359704335531,0.014605411720399128,1.1527941226959229,0.012185450160693959,0.60275665918986,0.012632917303227782,1.1368728478749592,0.01904646472606396,0.01195476618231076
2,LeakyReLU,0.7,128,256,1024,512,0.6045004526774088,0.01583935218346597,1.1165357033411663,0.013763075965396793,0.6128891507784525,0.008231329744425949,1.09382963180542,0.018319973805611185,0.013877074969735918
2,LeakyReLU,0.7,128,256,1024,1024,0.6057690779368082,0.014329958727121598,1.1077733437220256,0.022508231840714817,0.6114642222722372,0.01344964953486606,1.0918815930684407,0.016321826071455263,0.009401510481231671
2,LeakyReLU,0.7,128,512,256,512,0.6070374051729838,0.018298684939425876,1.123870809872945,0.018412809210163947,0.6158970395723978,0.004276879162961023,1.1064302523930867,0.020422896315390023,0.014594873930197738
2,LeakyReLU,0.7,128,512,256,1024,0.6083015203475952,0.015271096507562724,1.1138250827789307,0.012353138955428444,0.6124136447906494,0.006339603026209889,1.101126233736674,0.013500962082606208,0.006760010135605862
2,LeakyReLU,0.7,128,512,512,512,0.6038691401481628,0.015767525556958432,1.1099631388982136,0.011942837303241267,0.6177977522214254,0.00811425940621913,1.093466321627299,0.03947961964783145,0.023065613304639316
2,LeakyReLU,0.7,128,512,512,1024,0.6098824938138326,0.008588985922425709,1.0982163747151692,0.0045020237895261285,0.6181146701176962,0.015446383438314146,1.080854058265686,0.020385585019471065,0.013497971145858807
2,LeakyReLU,0.7,128,512,1024,512,0.6057678659756979,0.013112726435831723,1.0941287676493328,0.010268467108008954,0.615737795829773,0.0034920157804387646,1.0714800755182903,0.012400220410383014,0.01645833398246821
2,LeakyReLU,0.7,128,512,1024,1024,0.6127348144849142,0.01622478971089959,1.075391451517741,0.013044665084401864,0.6173209349314371,0.0060467366556214135,1.0588581562042236,0.016838064947536154,0.007484674182220584
2,LeakyReLU,0.7,256,128,256,512,0.5867694020271301,0.019080834937508975,1.2163710594177246,0.0155581692682934,0.5949972867965698,0.004903400830240108,1.2042574882507324,0.018337145036955185,0.014022348031466148
2,LeakyReLU,0.7,256,128,256,1024,0.5858164230982462,0.015496384597613723,1.2801556587219238,0.004328255512241659,0.5850217143694559,0.004190680748194316,1.2712077697118123,0.01743472100947173,-0.0013565832186596175
2,LeakyReLU,0.7,256,128,512,512,0.5943688551584879,0.01720012483097301,1.178868333498637,0.05654710075709814,0.5968973835309347,0.006242384010734787,1.1695309082667034,0.04185651989612579,0.0042541400857427835
2,LeakyReLU,0.7,256,128,512,1024,0.5991189877192179,0.01637125900123651,1.1410131057103474,0.013479625639036706,0.6010156869888306,0.01090783161045136,1.1257837216059368,0.010317123071600992,0.0031658139843525894
2,LeakyReLU,0.7,256,128,1024,512,0.5956347783406576,0.015279091769239327,1.1166914701461792,0.004175495796957213,0.6032327810923258,0.014483947120264707,1.0928786198298137,0.025198718032214663,0.012756143576496709
2,LeakyReLU,0.7,256,128,1024,1024,0.5848727822303772,0.02273184682005958,1.141702930132548,0.026864872358573176,0.5916738112767538,0.010231229192061478,1.1231644948323567,0.01697565874201212,0.011628219423104744
2,LeakyReLU,0.7,256,256,256,512,0.5934185783068339,0.01762070465296409,1.147403637568156,0.019382067433002356,0.6056065758069357,0.00903690204481836,1.1285353501637776,0.02438745782048803,0.020538618010371518
2,LeakyReLU,0.7,256,256,256,1024,0.6016535560290018,0.02192610603830317,1.129801869392395,0.02675275234168665,0.6056065559387207,0.008050742228375983,1.114621599515279,0.0013825536061977475,0.006570226121173826
2,LeakyReLU,0.7,256,256,512,512,0.6029179890950521,0.011551505009389871,1.0961082379023235,0.012903481892486955,0.6143135825792948,0.012461585497945259,1.0748060544331868,0.01580765344761264,0.018900735573252447
2,LeakyReLU,0.7,256,256,512,1024,0.605765163898468,0.015783443175751803,1.0955530802408855,0.010137220090238036,0.6103560328483582,0.006193414516511121,1.076337456703186,0.025391776336540824,0.00757862819371305
2,LeakyReLU,0.7,256,256,1024,512,0.6114689111709595,0.016660286552904944,1.0809259414672852,0.023762347517507526,0.6181124846140543,0.0031076437797209026,1.057473103205363,0.005059785713647024,0.010864940672735834
2,LeakyReLU,0.7,256,256,1024,1024,0.6095686554908752,0.01795124668103305,1.0692776838938396,0.017633318043529782,0.6176377336184183,0.0015539125590577456,1.0465596516927083,0.017677909853111948,0.013237357358942945
2,LeakyReLU,0.7,256,512,256,512,0.6149561206499735,0.02755222886289044,1.0811147689819336,0.0197571572988093,0.6154213150342306,0.00299158138911368,1.056888461112976,0.013879535293363218,0.0007564676057950099
2,LeakyReLU,0.7,256,512,256,1024,0.6111523310343424,0.018066346121670265,1.0904775460561116,0.018488023304541485,0.6241298317909241,0.004799263239149107,1.074930985768636,0.012985870486153942,0.02123447804677099
2,LeakyReLU,0.7,256,512,512,512,0.6101996501286825,0.012528953492126673,1.0698559284210205,0.009195584289987548,0.6154229442278544,0.008469292421059746,1.0449721018473308,0.0181747578048481,0.008559975572044926
2,LeakyReLU,0.7,256,512,512,1024,0.6178030172983805,0.020352913342214115,1.0579524040222168,0.013641186986695641,0.6179558038711548,0.008760434178674519,1.0280385812123616,0.013880530487444559,0.00024730629099614274
2,LeakyReLU,0.7,256,512,1024,512,0.6149537165959676,0.022382431362766436,1.0618992646535237,0.01178705163775499,0.6201721827189127,0.005403363868616694,1.0278348922729492,0.02034090392719795,0.008485949400926498
2,LeakyReLU,0.7,256,512,1024,1024,0.6165367960929871,0.020108016451720126,1.0582331418991089,0.028395469773303688,0.6204889019330343,0.005653854804253793,1.0329244136810303,0.006713825079593275,0.006410170268979655
3,LeakyReLU,0.3,64,128,256,512,0.614954928557078,0.02356875123988767,1.0313660701115925,0.016750972354478113,0.6307808756828308,0.00864378784096215,0.9849077463150024,0.019242504408301463,0.025735133407071953
3,LeakyReLU,0.3,64,128,256,1024,0.6203330556551615,0.015599193284705548,1.0264530181884766,0.00945479995138184,0.6301486094792684,0.013487574311047485,0.9821392099062601,0.036374014388508964,0.015823038502664154
3,LeakyReLU,0.3,64,128,512,512,0.6254003643989563,0.014851554905524924,1.0119774341583252,0.03179768081620812,0.6372717022895813,0.005945525982109327,0.9693053364753723,0.008260506148909724,0.01898198108987992
3,LeakyReLU,0.3,64,128,512,1024,0.6244518955548605,0.014694371530350808,1.0252907673517864,0.016969848423600848,0.6322043339411417,0.004817901521774626,0.9762575030326843,0.00452593693325734,0.012414788779514845
3,LeakyReLU,0.3,64,128,1024,512,0.6197053591410319,0.02111288278059985,1.0305298566818237,0.0172541892950184,0.6360058585802714,0.009657839405317024,0.9860982100168864,0.01875476916646603,0.026303628327231963
3,LeakyReLU,0.3,64,128,1024,1024,0.6222342054049174,0.01602926024793768,1.0254308581352234,0.02808882610104535,0.6211218039194742,0.003898753156702986,1.0003007650375366,0.009818104190736513,-0.0017877536718175478
3,LeakyReLU,0.3,64,256,256,512,0.6219173471132914,0.013118576186967911,1.005408525466919,0.023775552228828496,0.6344212690989176,0.009362026589448274,0.9641627868016561,0.010108468543852405,0.02010544012587005
3,LeakyReLU,0.3,64,256,256,1024,0.6193855007489523,0.017983811953605374,1.0086867014567058,0.02342691430150332,0.6366380651791891,0.007382491467419441,0.9642703930536906,0.017954241649887688,0.027854324018523613
3,LeakyReLU,0.3,64,256,512,512,0.6219164331754049,0.01080806941284639,1.0108246405919392,0.022353102675723633,0.6382218400637308,0.008402063353190459,0.9641147454579672,0.005669241123863324,0.026218002963956363
3,LeakyReLU,0.3,64,256,512,1024,0.6231796542803446,0.005129077656722215,1.0209414164225261,0.01235501300576811,0.6329973141352335,0.009043302035227373,0.9641419450441996,0.0189812172153881,0.01575414053949895
3,LeakyReLU,0.3,64,256,1024,512,0.6193852027257284,0.019388955070276315,1.0051836768786113,0.03264196764265472,0.6407535076141357,0.0023864875595072978,0.9511275092760721,0.01710439730981351,0.03449921760218335
3,LeakyReLU,0.3,64,256,1024,1024,0.6269831458727518,0.014411864343130208,1.0095590949058533,0.02218976212525822,0.6396470069885254,0.0074418879822049835,0.950339158376058,0.02597892121521175,0.020198088575643668
3,LeakyReLU,0.3,64,512,256,512,0.6342699527740479,0.021294096187975443,1.002787987391154,0.024515286145461487,0.6409131487210592,0.006135195076565933,0.9503881335258484,0.009570752197504263,0.010473767388722447
3,LeakyReLU,0.3,64,512,256,1024,0.6269843379656473,0.01733985536072873,1.0033062895139058,0.032862066590524874,0.6363190213839213,0.006762956395326957,0.9587016503016154,0.009017851605218051,0.01488822423947913
3,LeakyReLU,0.3,64,512,512,512,0.6257175207138062,0.013451601546460612,1.0056305925051372,0.009690546522138578,0.6421805818875631,0.008883349004699843,0.9568375746409098,0.03148625657429647,0.026310692331223552
3,LeakyReLU,0.3,64,512,512,1024,0.6279301047325134,0.01452767302118477,1.018168032169342,0.018937000791093277,0.6405976414680481,0.010788874594712337,0.9494446516036987,0.02104949643639619,0.020173482112202285
3,LeakyReLU,0.3,64,512,1024,512,0.6250829100608826,0.013691421291095442,1.0221747954686482,0.008837735060008825,0.6391704479853312,0.0046690508060825715,0.9726701974868774,0.02016881825119574,0.022537070999231922
3,LeakyReLU,0.3,64,512,1024,1024,0.6244494716326395,0.015152835184280927,1.0035477479298909,0.012578969584685335,0.6462976932525635,0.011724624792209266,0.9371267557144165,0.02628237503569589,0.034987973587040117
3,LeakyReLU,0.3,128,128,256,512,0.6279312968254089,0.008263730391088114,1.0256569782892864,0.018009264540459025,0.6304667194684347,0.01977678528457363,0.9867080847422282,0.06101814425353772,0.004037738930745964
3,LeakyReLU,0.3,128,128,256,1024,0.6257163087526957,0.015397818632051242,1.0151728391647339,0.009573527421069346,0.6337915460268656,0.02003985515931631,0.9754093686739603,0.04113470795723219,0.012905588620931295
3,LeakyReLU,0.3,128,128,512,512,0.6234992146492004,0.007486936145123797,1.008331576983134,0.021128438854791855,0.6364788810412089,0.006417946696607555,0.9561130205790201,0.009876174223076302,0.020817454275882576
3,LeakyReLU,0.3,128,128,512,1024,0.6231835683186849,0.013979847714042924,1.0049806237220764,0.022242853040757897,0.6456629832585653,0.007310930718008254,0.9422471721967062,0.014320489020205938,0.03607189932900285
3,LeakyReLU,0.3,128,128,1024,512,0.6291966040929159,0.01181441044511723,1.0025665163993835,0.019415216923617824,0.6437634428342184,0.008719696031888565,0.9461040695508321,0.020933373816951626,0.02315148976734043
3,LeakyReLU,0.3,128,128,1024,1024,0.6285659074783325,0.009582408200851418,1.015960693359375,0.025554529955397705,0.6304628054300944,0.0022762269668657143,0.978244423866272,0.020287714325366565,0.003017818703167946
3,LeakyReLU,0.3,128,256,256,512,0.6250828901926676,0.011931540729313312,1.0004060467084248,0.023885070237258874,0.6421795884768168,0.006621356410964342,0.951442023118337,0.025243944629028948,0.027351089835268887
3,LeakyReLU,0.3,128,256,256,1024,0.6253997683525085,0.011224518130790685,1.0028627316157024,0.024286618696202286,0.6477212905883789,0.007261818621224596,0.9422198136647543,0.016476022781115377,0.0356916061780323
3,LeakyReLU,0.3,128,256,512,512,0.6298324465751648,0.010115481922635679,1.0034665664037068,0.025226414831188183,0.642179528872172,0.006545585670896328,0.9394031763076782,0.01876680166156027,0.01960375710103035
3,LeakyReLU,0.3,128,256,512,1024,0.6250835061073303,0.012907088797054616,0.9988333781560262,0.025313007879689344,0.6445547540982565,0.005571562701156744,0.950377364953359,0.019305996867918517,0.031149834863156384
3,LeakyReLU,0.3,128,256,1024,512,0.6310962637265524,0.005982259055946709,0.9967262943585714,0.018440332788978386,0.6545277635256449,0.0043053718921151445,0.9225454529126486,0.006791531988522929,0.03712824991346355
3,LeakyReLU,0.3,128,256,1024,1024,0.6238181988398234,0.01637975072935013,1.0047844847043355,0.02754586861643251,0.6455059846242269,0.013984895665324534,0.9387175043423971,0.034993144933996884,0.034766196024320045
3,LeakyReLU,0.3,128,512,256,512,0.6282487710316976,0.01312775684410411,0.9986702799797058,0.026547701975313913,0.6417049964269003,0.0062967243343646576,0.9452051321665446,0.019540271607227343,0.0214186258941742
3,LeakyReLU,0.3,128,512,256,1024,0.6285640994707743,0.011523215468743622,0.9949357112248739,0.0230035937383863,0.6489870548248291,0.00697410530101772,0.9188536802927653,0.016388539880511848,0.03249144418405396
3,LeakyReLU,0.3,128,512,512,512,0.6228652199109396,0.012005594536791404,1.0000104506810505,0.019818651574385945,0.6466135780016581,0.007989785832712622,0.9279105067253113,0.027533932363631004,0.0381276034229591
3,LeakyReLU,0.3,128,512,512,1024,0.6282484531402588,0.006298819778068537,1.001522918542226,0.025527015342521435,0.6456629832585653,0.013138093740445275,0.9342364072799683,0.0312507555715897,0.02771917707279839
3,LeakyReLU,0.3,128,512,1024,512,0.6304667393366495,0.01333393990239339,0.997334361076355,0.014252878982958204,0.6493053436279297,0.009282446121357727,0.9337997237841288,0.03369527715779683,0.02988040941081417
3,LeakyReLU,0.3,128,512,1024,1024,0.6329983075459799,0.009870186910833882,0.9885162512461344,0.01757721006738889,0.6537386178970337,0.012130173175722072,0.9124793410301208,0.030529518340314588,0.03276519084460158
3,LeakyReLU,0.3,256,128,256,512,0.6295146743456522,0.012040927665778172,0.9916978677113851,0.021176642454754487,0.6426553527514139,0.011464966345641408,0.9402984976768494,0.026629926418099494,0.020874300379766002
3,LeakyReLU,0.3,256,128,256,1024,0.631099263827006,0.015814519031783436,0.9968325893084208,0.025401693279744335,0.6459786494572958,0.007800510205790286,0.9360427657763163,0.016748925078817832,0.023576933904281113
3,LeakyReLU,0.3,256,128,512,512,0.6323672930399576,0.015911046991720773,0.9928657611211141,0.0235521341576768,0.6472455461819967,0.0020570102140899994,0.9386953314145406,0.02338001548662121,0.023527866329890873
3,LeakyReLU,0.3,256,128,512,1024,0.6285680333773295,0.014595712265277212,0.9903302192687988,0.018877385022917074,0.6500959793726603,0.004399147558072082,0.9252391258875529,0.016509282574990677,0.034249189987693156
3,LeakyReLU,0.3,256,128,1024,512,0.6285650134086609,0.014789157427920295,1.0041491389274597,0.008016709020345757,0.6432909965515137,0.01892303002943154,0.9517800013224283,0.05237826370763096,0.02342793955870194
3,LeakyReLU,0.3,256,128,1024,1024,0.6326817472775778,0.010313465675327017,0.9923314253489176,0.0396745118973244,0.6518365939458212,0.005818782407841172,0.9171869158744812,0.016115343949264862,0.030275642928955186
3,LeakyReLU,0.3,256,256,256,512,0.6288836995760599,0.013177039088836296,0.9826741019884745,0.019755935957098816,0.645665188630422,0.015389514776404045,0.9414060115814209,0.0400496836930085,0.02668456674210941
3,LeakyReLU,0.3,256,256,256,1024,0.6285659074783325,0.009582408200851418,0.994990348815918,0.02880986879331741,0.6532625158627828,0.0077037272565039176,0.9163366158803304,0.010599122429934323,0.039290403902953706
3,LeakyReLU,0.3,256,256,512,512,0.634265144666036,0.011382236099459767,0.9836415449778239,0.02665905739211183,0.6546873251597086,0.0054467698125985784,0.9176199833552042,0.01284511868552729,0.03219817558227269
3,LeakyReLU,0.3,256,256,512,1024,0.6295162041982015,0.013528105336175685,0.9995453357696533,0.021984805499778964,0.6415452162424723,0.0004928759370595788,0.9311004082361857,0.009564486062370009,0.019108343779000576
3,LeakyReLU,0.3,256,256,1024,512,0.630782425403595,0.011188225780078939,0.991438627243042,0.03600210206031585,0.6500943303108215,0.0037879777506639035,0.9266045888264974,0.013157800889179285,0.03061579417795317
3,LeakyReLU,0.3,256,256,1024,1024,0.633950392405192,0.014014057369714481,0.9811535278956095,0.032362773640423066,0.6542128721872965,0.006017392707725384,0.9060305953025818,0.010012770182898484,0.03196224818984518
3,LeakyReLU,0.3,256,512,256,512,0.6323673129081726,0.015372915333267853,1.0011654297510784,0.018134326697654274,0.6420223116874695,0.011708994240709062,0.9380540649096171,0.0233110807709379,0.015268023160297182
3,LeakyReLU,0.3,256,512,256,1024,0.6307808955510458,0.013135123213503219,0.9886297186215719,0.027905248879703085,0.662445863087972,0.005861797100279536,0.8989465236663818,0.018332179972682175,0.05019962995116391
3,LeakyReLU,0.3,256,512,512,512,0.6358509262402853,0.01604184436575952,0.9778862396876017,0.02964208965745147,0.6540541251500448,0.014203784347258401,0.9069162607192993,0.019776171622964817,0.028628092149512122
3,LeakyReLU,0.3,256,512,512,1024,0.6269822319348654,0.013575146518371585,1.0058858593304951,0.020163048817155593,0.6474056243896484,0.012685089682844156,0.9233221610387167,0.042214245992258106,0.032574116800338275
3,LeakyReLU,0.3,256,512,1024,512,0.6333157618840536,0.011068842711445351,0.9847511847813925,0.02386591774825012,0.6570605834325155,0.004007642465326511,0.8942315777142843,0.014205531844835095,0.03749286371433951
3,LeakyReLU,0.3,256,512,1024,1024,0.6367990771929423,0.013250878577984626,0.9783963163693746,0.03417631925356363,0.6645038723945618,0.0046172839701454985,0.879036565621694,0.015876865437690305,0.0435063369183013
3,LeakyReLU,0.5,64,128,256,512,0.605767567952474,0.010090470167831933,1.104058821996053,0.0027386508617795896,0.6130495667457581,0.015252808207195412,1.0852615038553874,0.025566057536928023,0.012021110370595767
3,LeakyReLU,0.5,64,128,256,1024,0.5962678988774618,0.029252265480464588,1.1080915133158367,0.027918011353570735,0.6098803877830505,0.004566043295715413,1.084045132001241,0.00812037203537068,0.022829484752098374
3,LeakyReLU,0.5,64,128,512,512,0.6022839546203613,0.011634151802516392,1.0995604991912842,0.007707847663980162,0.608614981174469,0.011111110203233725,1.0735411246617634,0.03497193921143203,0.010511697191233182
3,LeakyReLU,0.5,64,128,512,1024,0.611786941687266,0.017823650718506973,1.0968583424886067,0.018905856551226997,0.6139973998069763,0.007520902680373382,1.072513182957967,0.02257828709129498,0.003613117523584327
3,LeakyReLU,0.5,64,128,1024,512,0.6041841904322306,0.015734671364030797,1.0875706672668457,0.030312131675793375,0.6101978619893392,0.00681028881944397,1.0718636115392048,0.028110599027146785,0.009953374570768695
3,LeakyReLU,0.5,64,128,1024,1024,0.6057705879211426,0.019241475934338947,1.094347596168518,0.017252297855558624,0.6152641574541727,0.006008744360095133,1.0652262369791667,0.025988450799945873,0.01567188919754222
3,LeakyReLU,0.5,64,256,256,512,0.6076675057411194,0.013857171026030126,1.0760083198547363,0.02434500707370296,0.6070334116617838,0.01818158993696003,1.0582384665807087,0.01319927374866655,-0.0010434885415869291
3,LeakyReLU,0.5,64,256,256,1024,0.6105180184046427,0.017035817693238305,1.0913258790969849,0.017706010752727593,0.6113064686457316,0.00834188646947023,1.0704872608184814,0.026409391585676505,0.0012914446704606407
3,LeakyReLU,0.5,64,256,512,512,0.609571655591329,0.020957540481041093,1.08272918065389,0.035199482435452456,0.6193802158037821,0.004386359251556718,1.053277810414632,0.007922146274433784,0.016090906003393666
3,LeakyReLU,0.5,64,256,512,1024,0.6041857004165649,0.015370900612300882,1.073461890220642,0.0165934703762844,0.6075074076652527,0.012016856730145093,1.0492260456085205,0.006677625157271294,0.005497825000488332
3,LeakyReLU,0.5,64,256,1024,512,0.6076699296633402,0.018093917472150767,1.060412605603536,0.009712049567985959,0.6230228543281555,0.009829090406759984,1.0297224521636963,0.015641841717766867,0.025265236792811344
3,LeakyReLU,0.5,64,256,1024,1024,0.6197020610173544,0.01575861609242519,1.0417808691660564,0.026504385011903248,0.6246037483215332,0.0020291684484288553,1.0101033846537273,0.0109196752666317,0.007909748268598332
3,LeakyReLU,0.5,64,512,256,512,0.607985277970632,0.01502334493452814,1.0508885383605957,0.014808558370004719,0.6201752225557963,0.01976875543822475,1.0269863605499268,0.025291789590606493,0.020049736444034644
3,LeakyReLU,0.5,64,512,256,1024,0.6092496713002523,0.010746289157638663,1.062331239382426,0.0026289404158398974,0.6154226660728455,0.006964348244606601,1.0322811206181843,0.0254867856089955,0.010132126553993575
3,LeakyReLU,0.5,64,512,512,512,0.6064043045043945,0.023141081605041875,1.0629603862762451,0.023357554852456802,0.6200149059295654,0.01118983199359183,1.0344338019688923,0.01584621531889377,0.022444763871349242
3,LeakyReLU,0.5,64,512,512,1024,0.6155886054039001,0.02390539475721315,1.0540715058644612,0.027863341660751963,0.6222296555836996,0.0018286685805094438,1.017489989598592,0.009362775455019,0.01078813045189832
3,LeakyReLU,0.5,64,512,1024,512,0.6162214477856954,0.022348558896593346,1.0550435781478882,0.017932343426668797,0.6246048212051392,0.006468405308257976,1.0154181321461995,0.00751770772462172,0.013604481716058724
3,LeakyReLU,0.5,64,512,1024,1024,0.6105177203814188,0.01515612557615878,1.0592166980107625,0.019899014585804484,0.6328369776407877,0.004591828199087717,1.0139570236206055,0.004244073815499673,0.03655791881917042
3,LeakyReLU,0.5,128,128,256,512,0.6117896636327108,0.027961494123295138,1.0700033903121948,0.029889413864849113,0.616054356098175,0.003531517532336482,1.049075682957967,0.013839918511254618,0.006970847529755838
3,LeakyReLU,0.5,128,128,256,1024,0.6095689733823141,0.013354287018300303,1.0608956813812256,0.01986938837345172,0.6116212010383606,0.014355090275635137,1.0383992195129395,0.007310209944298315,0.003366686536979271
3,LeakyReLU,0.5,128,128,512,512,0.6136865814526876,0.02027581517019636,1.0562762419382732,0.014301022544413393,0.6208044091860453,0.0044858650446648616,1.0327111879984539,0.019097819768540636,0.011598473795057917
3,LeakyReLU,0.5,128,128,512,1024,0.6124149560928345,0.010001758417637502,1.0580950578053792,0.013953523715207318,0.6182725628217062,0.009296525359987028,1.0357662836710613,0.012104121680517214,0.009564767598496992
3,LeakyReLU,0.5,128,128,1024,512,0.6127360065778097,0.015823266379229282,1.04729163646698,0.00985240170234404,0.625872532526652,0.010696021617804554,1.0165470441182454,0.028045384967080905,0.021439128446541063
3,LeakyReLU,0.5,128,128,1024,1024,0.6155835191408793,0.013234150104118944,1.0415371656417847,0.026396480263265066,0.6217558185259501,0.013505776774404028,1.012007753054301,0.004728734460156533,0.010026745670002644
3,LeakyReLU,0.5,128,256,256,512,0.6133697430292765,0.018522951368972463,1.0600428183873494,0.00850010749305584,0.6157393852869669,0.012416996531033536,1.0314629872639973,0.028316790689657784,0.003863317818690195
3,LeakyReLU,0.5,128,256,256,1024,0.6076690157254537,0.01620151756445986,1.052069902420044,0.025754035117452383,0.6177978118260702,0.009928706698632337,1.0247924327850342,0.014970793281948521,0.016668278023891658
3,LeakyReLU,0.5,128,256,512,512,0.6200186014175415,0.018703391582055855,1.0374870697657268,0.01499551763767275,0.6257141828536987,0.008846765934078108,1.005959689617157,0.0185870188219613,0.009186146065836545
3,LeakyReLU,0.5,128,256,512,1024,0.6149531205495199,0.019858489383789694,1.030633568763733,0.01670252761440447,0.6288823882738749,0.018005817668194923,0.9961285591125488,0.02511490196159277,0.02265094241965606
3,LeakyReLU,0.5,128,256,1024,512,0.6200192173322042,0.016193403556455488,1.033965826034546,0.01887924627125215,0.6298312147458395,0.01482604652463995,0.9960430264472961,0.0221920553986923,0.01582531176348687
3,LeakyReLU,0.5,128,256,1024,1024,0.6178012092908224,0.017477215189333758,1.0447323719660442,0.02458323518816312,0.6233386596043905,0.008092697801150085,1.0112383365631104,0.014496512137441046,0.00896315874798074
3,LeakyReLU,0.5,128,512,256,512,0.6219164331754049,0.013525961918543042,1.0358102718989055,0.01842324226403751,0.6266628702481588,0.003989557177670644,0.9967850645383199,0.00936921969707174,0.007631953136403496
3,LeakyReLU,0.5,128,512,256,1024,0.6101993521054586,0.014474286090625609,1.0376959641774495,0.008447224428328463,0.6271387537320455,0.0067204256044226755,0.990590234597524,0.021957762822427944,0.02776043856509919
3,LeakyReLU,0.5,128,512,512,512,0.6190668344497681,0.015467137061609139,1.03229816754659,0.018296673735385884,0.6223901907602946,0.011747554401495233,0.9915552139282227,0.025542775676183835,0.005368332021017279
3,LeakyReLU,0.5,128,512,512,1024,0.6225504477818807,0.014293683965909618,1.0365657011667888,0.012057224639430179,0.6363212068875631,0.0062372365699331295,0.9946906963984171,0.012933479419067868,0.022119908763614207
3,LeakyReLU,0.5,128,512,1024,512,0.6200177073478699,0.016464337806861948,1.0220096508661907,0.011817436942849814,0.6258713404337565,0.004885087149836807,0.9862765868504842,0.020152531313064666,0.009441074047587377
3,LeakyReLU,0.5,128,512,1024,1024,0.6228682200113932,0.019680770910552463,1.0241618752479553,0.018644960733692182,0.6318878531455994,0.007089610306678088,0.9796687563260397,0.01611225378134921,0.014480804838688336
3,LeakyReLU,0.5,256,128,256,512,0.6089367667833964,0.020772191650044475,1.0393449664115906,0.03388087582453592,0.6231797933578491,0.0068674869329116905,1.0042226513226826,0.011807952830124254,0.023389992773287595
3,LeakyReLU,0.5,256,128,256,1024,0.6165362000465393,0.01576120157677696,1.0344743331273396,0.0268821741422863,0.6227057774861654,0.007876856550151665,1.000173528989156,0.0117166836836813,0.010006837293836734
3,LeakyReLU,0.5,256,128,512,512,0.6181219816207886,0.021685006736695104,1.0305923422177632,0.024979936685582956,0.6250799695650736,0.0074644259011573426,0.9951271216074625,0.016412464292424194,0.011256658315305944
3,LeakyReLU,0.5,256,128,512,1024,0.6181171536445618,0.011488673190322884,1.0321004788080852,0.00355540681774273,0.62824680407842,0.007348916103031205,0.9889764785766602,0.022092963120143805,0.01638791347907352
3,LeakyReLU,0.5,256,128,1024,512,0.6178030371665955,0.017005328409887235,1.0189558068911235,0.0167292872376053,0.6282471617062887,0.013625838206279484,0.9833302696545919,0.018393846612175874,0.016905265774659655
3,LeakyReLU,0.5,256,128,1024,1024,0.6238151590029398,0.020628193693670725,1.016893208026886,0.02103046773710196,0.6329973737398783,0.008147146547811233,0.9727322459220886,0.014611244280035277,0.01471944790763766
3,LeakyReLU,0.5,256,256,256,512,0.6212839086850485,0.018972355928234326,1.0315523147583008,0.017980420508637518,0.6285641193389893,0.008321518971993168,0.990648110707601,0.026369211042823432,0.011718009354772144
3,LeakyReLU,0.5,256,256,256,1024,0.6212836305300394,0.009716476050962207,1.0166200598080952,0.024442644404688758,0.6352137327194214,0.008718168342893004,0.9730851252873739,0.013161845408396058,0.02242148594434668
3,LeakyReLU,0.5,256,256,512,512,0.6200195153554281,0.019932468898652113,1.0225812991460164,0.006499667241093678,0.6320467392603556,0.006880215787121863,0.9814285238583883,0.027449240463654875,0.019398137650607425
3,LeakyReLU,0.5,256,256,512,1024,0.6269831458727518,0.015024627859679613,1.0167699257532756,0.0049209047359330986,0.6288821498552958,0.01421001025687179,0.9826598763465881,0.03449123241411145,0.003028795901523889
3,LeakyReLU,0.5,256,256,1024,512,0.6209688782691956,0.0179098576659064,1.0263606707255046,0.016764880519171937,0.6285645365715027,0.01020277803391004,0.9853084683418274,0.025300678969187695,0.012231946830376164
3,LeakyReLU,0.5,256,256,1024,1024,0.6222378214200338,0.022769834412121367,1.025840957959493,0.016526465791509494,0.627614955107371,0.014187448923703038,0.9791260361671448,0.031089913340730923,0.00864160535125588
3,LeakyReLU,0.5,256,512,256,512,0.6241359313329061,0.017704574546484567,1.0192498564720154,0.02675730398004635,0.6345794796943665,0.004493071562744671,0.9730157852172852,0.018274868528306728,0.016732810654174427
3,LeakyReLU,0.5,256,512,256,1024,0.6178018053372701,0.016308103902490188,1.018560032049815,0.03327084459640484,0.6244474450747172,0.00724790953299633,0.9812475840250651,0.016761252206306594,0.010756912135954417
3,LeakyReLU,0.5,256,512,512,512,0.6222348014513651,0.016982020352327685,1.0137651165326436,0.014273045628524899,0.638222336769104,0.00936181510754859,0.9708278377850851,0.022309797679284392,0.0256937337488162
3,LeakyReLU,0.5,256,512,512,1024,0.6247657338778178,0.011475642774661782,1.0130481123924255,0.025050862825924364,0.6401201089223226,0.007434142794283693,0.957144300142924,0.008383605440970431,0.02457621186937191
3,LeakyReLU,0.5,256,512,1024,512,0.6190683444341024,0.0158937042819817,1.021987497806549,0.020396828510400717,0.6358475883801779,0.012337452645482368,0.9774590929349264,0.03324494591713992,0.027104025099867677
3,LeakyReLU,0.5,256,512,1024,1024,0.623185376326243,0.013913842061982725,1.013934334119161,0.023237480690287908,0.6434450546900431,0.008750801309037213,0.9612220724423727,0.016967817733216227,0.03250987448266746
3,LeakyReLU,0.7,64,128,256,512,0.5516181786855062,0.012699613502681915,1.447674552599589,0.023226559938347848,0.5495562553405762,0.002221073115814912,1.4412322839101155,0.011937443187197836,-0.003737953940973387
3,LeakyReLU,0.7,64,128,256,1024,0.5516166488329569,0.003908473203558855,1.417617638905843,0.03376705928475652,0.5604828596115112,0.012836086762793556,1.4081948200861614,0.04964696850609225,0.01607313846910234
3,LeakyReLU,0.7,64,128,512,512,0.5611178477605184,0.014007626541664988,1.410999337832133,0.005337459988137377,0.5679228107134501,0.005828863908893408,1.4107181231180828,0.02048027866487677,0.012127511145993638
3,LeakyReLU,0.7,64,128,512,1024,0.5550897717475891,0.03081620870595948,1.3719417651494343,0.026891689832616233,0.5628617604573568,0.025112748774767855,1.3684526681900024,0.01621024066955479,0.014001318535016677
3,LeakyReLU,0.7,64,128,1024,512,0.5642819205919901,0.013278141459890709,1.3252960443496704,0.03322645297722142,0.5653899113337199,0.0053948138215984395,1.317931095759074,0.015649810146234174,0.001963541097626058
3,LeakyReLU,0.7,64,128,1024,1024,0.5725189646085104,0.011248821874395399,1.3182311455408733,0.021741767385407687,0.5816987156867981,0.008913999617279627,1.309124271074931,0.03232698568130118,0.016033968559565282
3,LeakyReLU,0.7,64,256,256,512,0.5642867088317871,0.01806174243454393,1.384035587310791,0.019024946250809985,0.5664969682693481,0.004812945678859493,1.3817897240320842,0.011882054766893151,0.0039169085554696444
3,LeakyReLU,0.7,64,256,256,1024,0.5668125549952189,0.013106319315945828,1.3550769090652466,0.03563016379821638,0.5674499273300171,0.011995010330853968,1.351731260617574,0.025603047461107295,0.0011244852097596716
3,LeakyReLU,0.7,64,256,512,512,0.5547774036725363,0.00915865067091231,1.3826623757680256,0.04995232669873893,0.5666612386703491,0.023429040690821402,1.3732171058654785,0.038049793192918624,0.021420906690041472
3,LeakyReLU,0.7,64,256,512,1024,0.57220059633255,0.02016144376568277,1.3092807133992512,0.004394587927008835,0.5813801089922587,0.0022289738415182223,1.2977080345153809,0.01220238403704825,0.016042473074204377
3,LeakyReLU,0.7,64,256,1024,512,0.5731560190518697,0.025682579614077626,1.2815243403116863,0.023109407630227306,0.5715635220209757,0.01066008501917445,1.2743542989095051,0.011708252871445553,-0.002778470395422851
3,LeakyReLU,0.7,64,256,1024,1024,0.5753691792488098,0.017025432280701618,1.3482683499654133,0.06552058063498735,0.5777407884597778,0.008034946810677356,1.3458025058110554,0.07992428675490411,0.004121891294324006
3,LeakyReLU,0.7,64,512,256,512,0.5623894929885864,0.02011566729055592,1.3822916348775227,0.0584830914804252,0.5688726305961609,0.0008393135490286215,1.3727169434229534,0.05985902027471529,0.011527842693366316
3,LeakyReLU,0.7,64,512,256,1024,0.5769525766372681,0.02251783319758716,1.2889208396275837,0.01993142716911955,0.570615271727244,0.004273822094291657,1.282797932624817,0.033293930555596235,-0.010984100195826543
3,LeakyReLU,0.7,64,512,512,512,0.5592167178789774,0.014298158297982134,1.3296003341674805,0.09377738038970336,0.5736236770947775,0.012331715087090377,1.3165924946467082,0.08438161824769624,0.025762747706190563
3,LeakyReLU,0.7,64,512,512,1024,0.5747330586115519,0.0065421437098318064,1.2260908683141072,0.018015747143300582,0.5805912812550863,0.015696651907417584,1.217089017232259,0.016010063920490248,0.010192945326108076
3,LeakyReLU,0.7,64,512,1024,512,0.5842414697011312,0.02446389841278479,1.2381740013758342,0.04457922983502865,0.589138905207316,0.005315842158341097,1.218962033589681,0.03233981671933106,0.008382553721648868
3,LeakyReLU,0.7,64,512,1024,1024,0.5798006852467855,0.011309842848938463,1.2227100133895874,0.027687052449578205,0.5793233513832092,0.005603589879162313,1.213562806447347,0.013182009328973718,-0.0008232723343076398
3,LeakyReLU,0.7,128,128,256,512,0.5560475389162699,0.007483423659923889,1.4329994519551594,0.018994302718252528,0.5596908728281657,0.006325044471876184,1.4287505944569905,0.030694756535493865,0.006552198610565864
3,LeakyReLU,0.7,128,128,256,1024,0.5604865550994873,0.011833938593957089,1.401181737581889,0.04334983292452421,0.5601653258005778,0.009204150635952875,1.393434723218282,0.04526082447936049,-0.00057312578863292
3,LeakyReLU,0.7,128,128,512,512,0.5598501165707906,0.0047304217873677095,1.3940953413645427,0.08281167454063931,0.5514581600824991,0.006839702967943913,1.3901583751042683,0.07540243381829224,-0.014989648550390844
3,LeakyReLU,0.7,128,128,512,1024,0.5722003181775411,0.007655663991662708,1.3142553170522053,0.059853547524817294,0.5763156016667684,0.009907403930702283,1.3077698945999146,0.04565404760805282,0.007192032857189732
3,LeakyReLU,0.7,128,128,1024,512,0.5823352138201395,0.012695581233748487,1.2499514818191528,0.001455935750145045,0.5918306112289429,0.006002517203897807,1.2410788138707478,0.01783617369113506,0.016305724234866717
3,LeakyReLU,0.7,128,128,1024,1024,0.5810683767000834,0.010257004455720444,1.238620400428772,0.006075413157672018,0.5915151834487915,0.010279114314881599,1.2239472071329753,0.017558094722862388,0.017978618640436206
3,LeakyReLU,0.7,128,256,256,512,0.5696684718132019,0.016083059964327347,1.3738425572713215,0.0451924560179136,0.5688733061154684,0.003970308538859343,1.3655446767807007,0.04933803697867407,-0.001395839399717147
3,LeakyReLU,0.7,128,256,256,1024,0.5674441655476888,0.012001879451994898,1.3160571654637654,0.05912494298560584,0.573783298333486,0.010902043398888572,1.3034104108810425,0.06962573079231514,0.01117137715158051
3,LeakyReLU,0.7,128,256,512,512,0.5813870628674825,0.019765203019463645,1.2879995107650757,0.03634398707965289,0.5785315831502279,0.0038283651311544413,1.2806331713994343,0.04358608635405498,-0.0049114951116576485
3,LeakyReLU,0.7,128,256,512,1024,0.5785308281580607,0.013184342199358372,1.2315751711527507,0.02952098022155366,0.584392229715983,0.015029732987337866,1.2151288191477458,0.016297256072492147,0.010131528472880217
3,LeakyReLU,0.7,128,256,1024,512,0.5823400417963663,0.02137774203217681,1.2601983944574993,0.05380081390935963,0.586762547492981,0.008269677278279172,1.247227390607198,0.04339759484501706,0.007594369919973818
3,LeakyReLU,0.7,128,256,1024,1024,0.5981669227282206,0.02021050005011083,1.206570029258728,0.0056331286293177145,0.605921467145284,0.0009700036698519751,1.195606787999471,0.017374204429088526,0.012963846917003093
3,LeakyReLU,0.7,128,512,256,512,0.5788534084955851,0.014385942470711397,1.26992928981781,0.035081264086833056,0.5780562162399292,0.01374424394089343,1.2608753840128581,0.04811602011036656,-0.0013771919521520235
3,LeakyReLU,0.7,128,512,256,1024,0.5807482202847799,0.005802711709749062,1.22378671169281,0.03831524310143772,0.5832811196645101,0.007960344632517073,1.2220800320307414,0.04950284627622789,0.004361441484036187
3,LeakyReLU,0.7,128,512,512,512,0.5848679741223654,0.01310000954860246,1.2056747277577717,0.0029634183434174457,0.5878725250562032,0.005617799299093164,1.1916693846384685,0.016390255249506356,0.00513714387994389
3,LeakyReLU,0.7,128,512,512,1024,0.5842321515083313,0.01705992312566412,1.2491533756256104,0.07946894752068283,0.5877156058947245,0.008413254401223804,1.2350369691848755,0.06458578149760688,0.005962448963823445
3,LeakyReLU,0.7,128,512,1024,512,0.5943703651428223,0.01566648207937837,1.168214241663615,0.008856338861366636,0.5981642802556356,0.010466872668673485,1.153652826944987,0.02115568726963444,0.006383082561496323
3,LeakyReLU,0.7,128,512,1024,1024,0.5946851174036661,0.022974483182897982,1.1431111892064412,0.036203036840366354,0.6005383729934692,0.0017627944744951975,1.1188666820526123,0.009841803879856096,0.00984261320572105
3,LeakyReLU,0.7,256,128,256,512,0.5706181327501932,0.008760061847563548,1.3903251091639202,0.0287816581909185,0.564123531182607,0.005237008816431596,1.3872504631678264,0.02292717980246911,-0.01138169503356707
3,LeakyReLU,0.7,256,128,256,1024,0.5655505458513895,0.007653276581390886,1.2638066212336223,0.017654061794741795,0.5592150489489237,0.011551201199477628,1.2534531752268474,0.03550618075708652,-0.011202353085749841
3,LeakyReLU,0.7,256,128,512,512,0.5759998758633932,0.011099928305852097,1.3608624537785847,0.06781565394126557,0.5712492863337199,0.007426621595083972,1.3572994470596313,0.056112299421319976,-0.008247553044264899
3,LeakyReLU,0.7,256,128,512,1024,0.5769489407539368,0.0070710662139216235,1.216103156407674,0.01897696879958283,0.5842315951983134,0.006446302471295792,1.2030444542566936,0.02456184827937598,0.012622701819782998
3,LeakyReLU,0.7,256,128,1024,512,0.5889795819918314,0.0021029138914835867,1.192901571591695,0.014966043864234245,0.5867661635080973,0.021788450424123997,1.18350088596344,0.016090897537993285,-0.0037580563934809354
3,LeakyReLU,0.7,256,128,1024,1024,0.599747916062673,0.0071348589514660605,1.1485875447591145,0.014182279548927104,0.5975326697031657,0.012603982570962026,1.133697509765625,0.009192341971198769,-0.003693629106792638
3,LeakyReLU,0.7,256,256,256,512,0.5690251191457113,0.015295119457266667,1.3893957535425823,0.08869277119357663,0.5763176282246908,0.017952439952118208,1.3801297346750896,0.08827956298791285,0.012815794652313207
3,LeakyReLU,0.7,256,256,256,1024,0.5718825459480286,0.008205928674359604,1.2426296869913738,0.022354529319795407,0.573623538017273,0.015005810932679728,1.2294853528340657,0.029314929058600243,0.0030443175466358828
3,LeakyReLU,0.7,256,256,512,512,0.5899331569671631,0.010301713745048886,1.2858569224675496,0.061823378268071855,0.5916750232378641,0.014053574671472061,1.276724139849345,0.0782023961104338,0.002952650228469883
3,LeakyReLU,0.7,256,256,512,1024,0.5766312082608541,0.007424814260123825,1.2442353169123332,0.09867524460479866,0.5872415900230408,0.01572101322839527,1.2297290563583374,0.08474378558047647,0.018400637374775538
3,LeakyReLU,0.7,256,256,1024,512,0.5912002921104431,0.017196977395851208,1.1480673551559448,0.017237630080298418,0.60212242603302,0.004602930296988542,1.1307060321172078,0.00994065034167693,0.0184745069789927
3,LeakyReLU,0.7,256,256,1024,1024,0.6067148248354594,0.011519939270891368,1.1572600603103638,0.014783779598821642,0.6002233823140463,0.009242777773920786,1.145330508550008,0.024957112272547977,-0.010699330650398345
3,LeakyReLU,0.7,256,512,256,512,0.5908864339192709,0.017011689376822077,1.2583671013514202,0.026543844675613767,0.5986404617627462,0.010590390150204186,1.247562567392985,0.04606615491603909,0.013122704124452324
3,LeakyReLU,0.7,256,512,256,1024,0.5775844852129618,0.013678470065380137,1.2638680537541707,0.07467157114384818,0.5793232520421346,0.012503680189632289,1.2550539175669353,0.09000636621363231,0.0030104112449137925
3,LeakyReLU,0.7,256,512,512,512,0.5893003543217977,0.015132244557222597,1.2516560951868694,0.030696936676807066,0.5968989531199137,0.012712695938321628,1.242633859316508,0.05290471729636995,0.012894271558449848
3,LeakyReLU,0.7,256,512,512,1024,0.6010207335154215,0.022997653915399218,1.1473838885625203,0.041952690061492506,0.6018049120903015,0.003690376452082225,1.1331719954808552,0.02335393769173359,0.001304744630510954
3,LeakyReLU,0.7,256,512,1024,512,0.5915237466494242,0.02583665489511797,1.1502522230148315,0.02534499832523279,0.5945225358009338,0.00407860517183766,1.1296628713607788,0.020699486803739963,0.005069600617888497
3,LeakyReLU,0.7,256,512,1024,1024,0.5905659794807434,0.0075112647068908914,1.1869418621063232,0.08167788694010608,0.5927828351656595,0.01559136377910295,1.1745197772979736,0.09030901937427334,0.0037537815619946772
